date,open,high,close,low,volume,price_change,p_change,ma5,ma10,ma20,v_ma5,v_ma10,v_ma20,turnover
2023-08-10,1882.0,1889.0,1875.0,1862.3,18436.19,-15.28,-0.81,1887.336,1886.173,1827.604,20632.38,24684.13,23288.53,0.15
2023-08-09,1890.0,1905.0,1890.28,1882.96,18523.46,0.28,0.01,1888.03,1882.476,1820.774,21253.84,24874.55,23657.05,0.15
2023-08-08,1880.03,1893.71,1890.0,1864.08,17736.18,2.07,0.11,1885.974,1876.303,1811.95,21250.89,24983.35,23395.11,0.14
2023-08-07,1880.95,1898.0,1887.93,1871.03,23892.45,-5.54,-0.29,1885.774,1870.158,1802.95,21549.78,27518.38,23137.44,0.19
2023-08-04,1887.82,1906.52,1893.47,1882.0,24573.64,15.0,0.8,1884.304,1858.48,1793.599,25847.01,27100.47,22616.69,0.2
2023-08-03,1870.0,1890.0,1878.47,1850.5,21543.47,-1.53,-0.08,1885.01,1846.263,1783.427,28735.87,28580.85,22146.37,0.17
2023-08-02,1883.4,1890.0,1880.0,1866.8,18508.72,-9.0,-0.48,1876.922,1830.816,1774.652,28495.26,28095.76,21826.23,0.15
2023-08-01,1878.01,1906.95,1889.0,1877.89,19230.62,8.42,0.45,1866.632,1815.116,1766.421,28715.81,27493.21,21638.07,0.15
2023-07-31,1908.0,1935.0,1880.58,1874.0,45378.61,-16.42,-0.87,1854.542,1798.496,1758.501,33486.97,27043.92,21300.15,0.36
2023-07-28,1832.0,1900.0,1897.0,1828.01,39017.92,58.97,3.21,1832.656,1783.435,1750.677,28353.93,23939.7,19988.18,0.31
2023-07-27,1836.0,1854.79,1838.03,1828.7,20340.43,9.48,0.52,1807.516,1769.035,1740.377,28425.82,21892.94,19060.22,0.16
2023-07-26,1828.55,1835.99,1828.55,1815.08,19611.45,0.0,0.0,1784.71,1759.072,1734.161,27696.27,22439.55,18754.75,0.16
2023-07-25,1800.0,1828.88,1828.55,1799.99,43086.46,57.4,3.24,1763.6,1747.597,1729.153,26270.62,21806.87,18702.86,0.34
2023-07-24,1750.52,1771.15,1771.15,1750.52,19713.37,-0.15,-0.01,1742.45,1735.742,1723.278,20600.86,18756.5,17307.26,0.16
2023-07-21,1731.88,1772.5,1771.3,1726.0,39377.4,47.3,2.74,1734.214,1728.717,1720.17,19525.48,18132.9,17521.22,0.31
2023-07-20,1727.99,1748.98,1724.0,1722.0,16692.65,1.0,0.06,1730.554,1720.59,1718.397,15360.06,15711.9,16438.38,0.13
2023-07-19,1715.01,1728.0,1723.0,1713.8,12483.22,0.2,0.01,1733.434,1718.488,1719.37,17182.84,15556.7,16651.09,0.1
2023-07-18,1733.58,1734.51,1722.8,1721.0,14737.65,-7.17,-0.41,1731.594,1717.726,1720.42,17343.13,15782.92,17611.92,0.12
2023-07-17,1751.0,1751.0,1729.97,1726.6,14336.48,-23.03,-1.31,1729.034,1718.506,1724.164,16912.14,15556.39,18770.94,0.11
2023-07-14,1756.0,1758.5,1753.0,1741.2,18550.3,14.6,0.84,1723.22,1717.919,1725.416,16740.32,16036.65,19315.24,0.15
2023-07-13,1721.99,1745.41,1738.4,1719.01,25806.54,24.6,1.44,1710.626,1711.719,1724.11,16063.75,16227.49,19963.02,0.21
2023-07-12,1713.04,1723.0,1713.8,1711.33,13284.67,3.8,0.22,1703.542,1709.25,1722.14,13930.56,15069.95,19405.82,0.11
2023-07-11,1710.0,1715.17,1710.0,1702.1,12582.7,9.1,0.54,1703.858,1710.708,1721.25,14222.71,15598.84,20093.05,0.1
2023-07-10,1705.0,1714.96,1700.9,1700.0,13477.41,10.87,0.64,1707.978,1710.813,1719.05,14200.64,15858.02,20342.94,0.11
2023-07-07,1701.0,1708.99,1690.03,1690.0,15167.42,-12.95,-0.76,1712.618,1711.623,1717.405,15332.98,16909.55,20404.2,0.12
2023-07-06,1709.16,1733.0,1702.98,1700.0,15140.62,-12.4,-0.72,1712.812,1716.203,1715.448,16391.23,17164.86,20540.32,0.12
2023-07-05,1730.0,1731.97,1715.38,1700.0,14745.39,-15.22,-0.88,1714.958,1720.251,1713.649,16209.34,17745.48,20778.98,0.12
2023-07-04,1724.2,1734.44,1730.6,1718.08,12472.38,6.5,0.38,1717.558,1723.113,1711.13,16974.98,19440.93,20851.74,0.1
2023-07-03,1699.0,1725.28,1724.1,1692.0,19139.09,33.1,1.96,1713.648,1729.822,1708.13,17515.39,21985.48,21481.02,0.15
2023-06-30,1700.0,1708.99,1691.0,1686.48,20458.69,3.2,0.19,1710.628,1732.912,1703.721,18486.11,22593.83,21956.33,0.16
2023-06-29,1731.0,1734.99,1713.71,1713.01,14231.16,-14.67,-0.85,1719.594,1736.5,1700.616,17938.49,23698.54,22781.24,0.11
2023-06-28,1713.18,1734.0,1728.38,1711.0,18573.56,17.33,1.01,1725.544,1735.029,1698.345,19281.61,23741.68,23392.35,0.15
2023-06-27,1709.99,1719.7,1711.05,1700.09,15174.46,2.05,0.12,1728.668,1731.791,1696.376,21906.88,24587.27,23352.24,0.12
2023-06-26,1720.11,1730.0,1709.0,1695.0,23992.68,-26.83,-1.55,1745.996,1727.286,1695.351,26455.57,24827.86,23508.08,0.19
2023-06-21,1740.0,1756.6,1735.83,1735.0,17720.61,-7.63,-0.44,1755.196,1723.186,1694.951,26701.55,23898.86,23431.72,0.14
2023-06-20,1740.0,1765.0,1743.46,1735.0,20946.74,-0.54,-0.03,1753.406,1714.693,1693.705,29458.58,23915.77,23469.66,0.17
2023-06-19,1790.0,1797.95,1744.0,1738.0,31699.92,-53.69,-2.99,1744.514,1707.046,1692.759,28201.74,23812.49,23267.03,0.25
2023-06-16,1757.0,1800.0,1797.69,1750.1,37917.89,42.69,2.43,1734.914,1699.146,1692.859,27267.65,22262.54,23746.25,0.3
2023-06-15,1730.34,1755.65,1755.0,1723.0,25222.57,28.12,1.63,1708.576,1686.437,1687.95,23200.15,20976.56,23187.41,0.2
2023-06-14,1719.0,1734.24,1726.88,1706.21,31505.8,27.88,1.64,1691.176,1674.529,1684.75,21096.18,21318.82,22887.25,0.25
2023-06-13,1693.88,1704.61,1699.0,1685.0,14662.54,3.0,0.18,1675.98,1664.731,1683.456,18372.95,21863.94,22150.8,0.12
2023-06-12,1666.02,1708.0,1696.0,1661.52,27029.44,30.0,1.8,1669.578,1661.66,1683.67,19423.23,23043.03,22528.87,0.22
2023-06-09,1671.99,1677.97,1666.0,1666.0,17580.41,-2.0,-0.12,1663.378,1660.96,1684.685,17257.44,22117.22,22464.4,0.14
2023-06-08,1655.83,1675.0,1668.0,1650.01,14702.72,17.1,1.04,1664.298,1663.416,1686.705,18752.96,22188.29,22558.4,0.12
2023-06-07,1672.99,1678.8,1650.9,1650.0,17889.64,-16.09,-0.96,1657.882,1666.716,1689.159,21541.47,22964.58,22585.57,0.14
2023-06-06,1670.0,1684.0,1666.99,1651.55,19913.92,1.99,0.12,1653.482,1672.716,1692.864,25354.93,23023.54,22729.72,0.16
2023-06-05,1666.16,1682.88,1665.0,1663.0,16200.5,-5.6,-0.34,1653.742,1678.472,1695.614,26662.83,22721.57,23202.92,0.13
2023-06-02,1645.0,1673.15,1670.6,1636.11,25058.02,34.68,2.12,1658.542,1686.572,1698.39,26977.01,25229.96,24051.46,0.2
2023-06-01,1618.0,1674.99,1635.92,1618.0,28645.25,7.02,0.43,1662.534,1689.462,1702.36,25623.63,25398.27,23834.27,0.23
2023-05-31,1661.01,1665.72,1628.9,1626.67,36956.97,-39.39,-2.36,1675.55,1694.97,1708.059,24387.7,24455.67,23775.33,0.29
2023-05-30,1689.0,1698.89,1668.29,1658.56,26453.4,-20.71,-1.23,1691.95,1702.18,1714.64,20692.16,22437.67,23238.71,0.21
2023-05-29,1697.0,1698.35,1689.0,1678.0,17771.41,-1.56,-0.09,1703.202,1705.68,1719.122,18780.32,22014.7,23196.3,0.14
2023-05-26,1702.0,1705.0,1690.56,1675.01,18291.1,-10.44,-0.61,1714.602,1708.41,1721.867,23482.9,22811.58,23702.31,0.15
2023-05-25,1705.99,1710.0,1701.0,1690.0,22465.6,-9.9,-0.58,1716.39,1709.994,1723.858,25172.91,22928.52,23816.88,0.18
2023-05-24,1732.33,1733.55,1710.9,1710.11,18479.27,-13.65,-0.79,1714.39,1711.601,1724.058,24523.65,22206.57,23705.14,0.15
2023-05-23,1753.99,1754.0,1724.55,1724.55,16894.21,-21.45,-1.23,1712.41,1713.011,1724.787,24183.18,22435.9,23707.07,0.13
2023-05-22,1690.01,1752.0,1746.0,1690.0,41284.32,46.5,2.74,1708.158,1712.756,1725.653,25249.09,23684.28,23856.63,0.33
2023-05-19,1671.0,1704.33,1699.5,1655.55,26741.16,8.5,0.5,1702.218,1710.208,1726.303,22140.26,22872.97,22522.44,0.21
2023-05-18,1704.99,1705.4,1691.0,1690.0,19219.28,-10.0,-0.59,1703.598,1715.258,1729.228,20684.12,22270.27,22101.08,0.15
2023-05-17,1708.0,1713.0,1701.0,1699.01,16776.91,-2.29,-0.13,1708.812,1721.148,1732.328,19889.49,23094.99,22663.48,0.13
2023-05-16,1713.99,1719.99,1703.29,1697.0,22223.77,-13.01,-0.76,1713.612,1727.1,1732.949,20688.62,24039.76,22886.21,0.18
2023-05-15,1702.0,1717.0,1716.3,1691.2,25740.18,9.9,0.58,1717.354,1732.563,1733.935,22119.46,24377.89,23252.16,0.2
2023-05-12,1715.0,1729.88,1706.4,1705.01,19460.45,-10.67,-0.62,1718.198,1735.324,1732.825,23605.68,24593.03,24520.39,0.15
2023-05-11,1731.0,1735.0,1717.07,1715.0,15246.12,-7.93,-0.46,1726.918,1737.722,1734.78,23856.43,24705.24,25007.83,0.12
2023-05-10,1715.19,1736.0,1725.0,1715.0,20772.6,3.0,0.17,1733.484,1736.515,1737.511,26300.49,25203.72,25716.44,0.17
2023-05-09,1715.0,1739.98,1722.0,1707.07,29377.96,1.48,0.09,1740.588,1736.562,1740.811,27390.9,24978.24,25354.04,0.23
2023-05-08,1768.32,1769.0,1720.52,1717.17,33171.26,-29.48,-1.69,1747.772,1738.55,1744.559,26636.31,24028.98,24628.85,0.26
2023-05-05,1766.0,1766.0,1750.0,1736.39,20714.21,0.1,0.01,1752.45,1742.398,1749.262,25580.38,22171.91,23973.6,0.16
2023-05-04,1769.0,1777.67,1749.9,1736.0,27466.42,-10.62,-0.6,1748.526,1743.198,1751.866,25554.04,21931.88,24008.76,0.22
2023-04-28,1763.01,1782.77,1760.52,1753.97,26224.64,2.6,0.15,1739.546,1743.508,1755.371,24106.94,22231.96,24007.76,0.21
2023-04-27,1748.0,1770.0,1757.92,1730.0,25605.04,14.01,0.8,1732.536,1738.798,1757.345,22565.59,21732.66,23659.38,0.2
2023-04-26,1744.0,1761.0,1743.91,1720.0,27891.6,13.53,0.78,1729.328,1735.306,1758.949,21421.65,22126.42,23148.77,0.22
2023-04-25,1706.0,1735.98,1730.38,1702.0,20582.51,25.38,1.49,1732.346,1730.325,1760.843,18763.44,24447.76,22617.26,0.16
2023-04-24,1721.0,1722.0,1705.0,1701.0,20230.91,-20.47,-1.19,1737.87,1731.837,1762.714,18309.72,25310.42,22352.91,0.16
2023-04-21,1746.0,1748.08,1725.47,1721.28,18517.87,-16.41,-0.94,1747.47,1738.507,1766.395,20356.98,26229.16,21979.87,0.15
2023-04-20,1760.11,1765.0,1741.88,1729.0,19885.37,-17.12,-0.97,1745.06,1745.059,1768.864,20899.73,25729.84,21921.76,0.16
2023-04-19,1762.0,1765.5,1759.0,1750.0,14600.56,1.0,0.06,1741.284,1750.567,1770.438,22831.2,25228.72,21694.0,0.12
2023-04-18,1753.0,1769.0,1758.0,1746.02,18313.89,5.0,0.28,1728.304,1756.126,1771.238,30132.07,25775.29,22521.06,0.15
2023-04-17,1740.0,1753.0,1753.0,1728.0,30467.23,39.58,2.31,1725.804,1760.533,1769.818,32311.13,26085.65,22629.92,0.24
2023-04-14,1726.0,1733.0,1713.42,1704.8,21231.62,-9.58,-0.56,1729.544,1767.233,1769.268,32101.33,25783.56,22457.7,0.17
2023-04-13,1690.0,1723.59,1723.0,1684.01,29542.68,28.9,1.71,1745.058,1775.891,1771.196,30559.94,25586.09,22278.43,0.24
2023-04-12,1747.26,1750.0,1694.1,1692.82,51104.92,-51.4,-2.94,1759.85,1782.591,1772.592,27626.25,24171.13,21761.92,0.41
2023-04-11,1793.0,1793.0,1745.5,1744.0,29209.19,-26.2,-1.48,1783.948,1791.361,1776.187,21418.51,20786.77,20391.92,0.23
2023-04-10,1790.88,1790.88,1771.7,1744.0,29418.22,-19.29,-1.08,1795.262,1793.59,1777.012,19860.16,19395.4,19959.49,0.23
2023-04-07,1795.0,1806.01,1790.99,1788.34,13524.68,-5.97,-0.33,1804.922,1794.282,1775.927,19465.78,17730.58,19546.62,0.11
2023-04-06,1805.0,1815.9,1796.96,1788.22,14874.22,-17.63,-0.97,1806.724,1792.669,1774.879,20612.25,18113.68,20250.96,0.12
2023-04-04,1812.0,1815.17,1814.59,1787.0,20066.26,12.52,0.69,1805.332,1790.308,1773.552,20716.0,18159.28,20645.43,0.16
2023-04-03,1825.0,1827.77,1802.07,1800.08,21417.43,-17.93,-0.98,1798.774,1786.349,1772.237,20155.02,19266.84,20781.39,0.17
2023-03-31,1825.0,1848.0,1820.0,1819.0,27446.33,20.0,1.11,1791.918,1779.102,1772.491,18930.65,19174.19,20742.81,0.22
2023-03-30,1793.0,1805.0,1800.0,1779.0,19257.01,10.0,0.56,1783.642,1771.302,1772.393,15995.37,19131.84,20180.39,0.15
2023-03-29,1799.0,1800.0,1790.0,1785.07,15392.99,8.2,0.46,1778.614,1766.501,1773.793,15615.1,18970.77,19874.75,0.12
2023-03-28,1770.0,1790.0,1781.8,1765.02,17261.35,14.01,0.79,1775.284,1762.593,1776.219,15602.56,19352.72,20328.01,0.14
2023-03-27,1778.6,1778.6,1767.79,1756.0,15295.55,-10.83,-0.61,1773.924,1761.013,1777.816,18378.65,19997.08,20662.53,0.12
2023-03-24,1769.08,1783.6,1778.62,1766.0,12769.96,3.76,0.21,1766.286,1760.434,1779.947,19417.73,20523.57,21001.0,0.1
2023-03-23,1766.0,1791.11,1774.86,1765.01,17355.66,1.51,0.09,1758.962,1757.572,1780.416,22268.32,21362.65,21594.23,0.14
2023-03-22,1780.0,1793.0,1773.35,1765.55,15330.26,-1.65,-0.09,1754.388,1757.088,1782.573,22326.43,22388.24,21820.5,0.12
2023-03-21,1735.0,1785.85,1775.0,1723.97,31141.82,45.4,2.62,1749.902,1756.795,1785.706,23102.89,23131.58,22147.44,0.25
2023-03-20,1751.0,1755.0,1729.6,1728.0,20490.93,-12.4,-0.71,1748.102,1758.125,1790.306,21615.51,22295.94,21527.88,0.16
2023-03-17,1770.0,1775.89,1742.0,1736.0,27022.91,-9.99,-0.57,1754.582,1765.879,1797.576,21629.41,22311.43,21986.77,0.22
2023-03-16,1740.0,1770.0,1751.99,1739.01,17646.24,1.07,0.06,1756.182,1773.483,1801.515,20456.99,21228.95,21957.76,0.14
2023-03-15,1778.37,1784.88,1750.92,1750.12,19212.53,-15.08,-0.85,1759.788,1781.084,1807.006,22450.04,20778.74,22737.75,0.15
2023-03-14,1763.78,1779.88,1766.0,1738.5,23704.92,4.0,0.23,1763.688,1789.845,1811.51,23160.27,21303.3,22685.97,0.19
2023-03-13,1751.0,1775.0,1762.0,1749.0,20560.43,12.0,0.69,1768.148,1794.619,1815.4,22976.37,21327.99,22479.01,0.16
2023-03-10,1751.57,1781.0,1750.0,1750.0,21160.82,-20.02,-1.13,1777.176,1799.46,1820.117,22993.45,21478.43,23358.32,0.17
2023-03-09,1768.0,1785.0,1770.02,1740.0,27611.5,-0.4,-0.02,1790.784,1803.26,1823.117,22000.9,21825.81,23199.51,0.22
2023-03-08,1780.02,1785.94,1770.42,1761.12,22763.7,-17.88,-1.0,1802.38,1808.058,1825.516,19107.44,21252.76,23306.61,0.18
2023-03-07,1805.98,1816.6,1788.3,1788.0,22785.39,-18.84,-1.04,1816.002,1814.616,1826.195,19446.32,21163.3,23002.22,0.18
2023-03-06,1818.18,1818.5,1807.14,1796.77,20645.86,-10.9,-0.6,1821.09,1822.486,1826.63,19679.6,20759.82,23079.03,0.16
2023-03-03,1839.77,1841.61,1818.04,1802.48,16198.06,-9.96,-0.55,1821.744,1829.272,1826.023,19963.41,21662.1,24179.79,0.13
2023-03-02,1829.0,1838.99,1828.0,1821.1,13144.19,-10.53,-0.57,1815.736,1829.546,1826.021,21650.72,22686.58,25117.13,0.1
2023-03-01,1813.0,1848.0,1838.53,1803.23,24458.1,24.79,1.37,1813.736,1832.928,1826.427,23398.08,24696.75,25947.86,0.19
2023-02-28,1819.0,1822.01,1813.74,1783.3,23951.81,3.33,0.18,1813.23,1833.175,1826.749,22880.29,24068.63,26423.65,0.19
2023-02-27,1778.5,1815.0,1810.41,1775.02,22064.89,22.41,1.25,1823.882,1836.18,1828.35,21840.03,23630.03,26875.6,0.18
2023-02-24,1810.11,1810.19,1788.0,1782.18,24634.61,-30.0,-1.65,1836.8,1840.774,1832.229,23360.79,25238.21,27568.48,0.2
2023-02-23,1840.0,1848.8,1818.0,1805.25,21880.97,-18.0,-0.98,1843.356,1842.974,1835.83,23722.43,24573.2,27617.19,0.17
2023-02-22,1855.01,1863.9,1836.0,1831.8,21869.16,-31.0,-1.66,1852.12,1842.974,1838.94,25995.43,25360.47,27695.08,0.17
2023-02-21,1874.0,1874.0,1867.0,1851.0,18750.52,-8.0,-0.43,1853.12,1837.774,1841.79,25256.98,24841.13,27654.77,0.15
2023-02-20,1821.0,1878.8,1875.0,1817.2,29668.69,54.22,2.98,1848.478,1830.774,1843.84,25420.03,25398.25,27782.21,0.24
2023-02-17,1850.16,1873.0,1820.78,1820.05,26442.83,-41.04,-2.2,1844.748,1822.774,1845.735,27115.63,26697.48,28141.18,0.21
2023-02-16,1841.34,1887.0,1861.82,1828.0,33245.95,20.82,1.13,1842.592,1822.496,1849.046,25423.97,27547.68,28416.03,0.26
2023-02-15,1843.78,1855.3,1841.0,1835.81,18176.91,-2.79,-0.15,1833.828,1819.925,1847.655,24725.51,27198.97,27613.39,0.14
2023-02-14,1856.46,1857.4,1843.79,1835.0,19565.76,-12.56,-0.68,1822.428,1820.322,1847.853,24425.28,28778.67,27840.56,0.16
2023-02-13,1810.0,1874.5,1856.35,1810.0,38146.7,46.35,2.56,1813.07,1820.519,1848.386,25376.47,30121.16,27998.86,0.3
2023-02-10,1810.1,1818.49,1810.0,1801.05,17984.51,-8.0,-0.44,1800.8,1823.684,1847.628,26279.32,29898.75,27640.38,0.14
2023-02-09,1778.0,1829.75,1818.0,1775.01,29753.66,34.0,1.91,1802.4,1828.685,1847.317,29671.4,30661.17,27986.34,0.24
2023-02-08,1800.01,1805.97,1784.0,1775.0,16675.77,-13.0,-0.72,1806.022,1834.906,1846.467,29672.44,30029.7,28895.8,0.13
2023-02-07,1808.08,1808.8,1797.0,1787.73,24321.71,2.0,0.11,1818.216,1845.806,1843.517,33132.06,30468.41,29082.8,0.19
2023-02-06,1780.0,1795.0,1795.0,1760.0,42660.95,-23.0,-1.26,1827.968,1856.906,1840.168,34865.86,30166.16,29168.41,0.34
2023-02-03,1820.0,1826.0,1818.0,1795.68,34944.9,-18.11,-0.99,1846.568,1868.696,1836.768,33518.18,29584.89,28302.02,0.28
2023-02-02,1848.38,1859.0,1836.11,1826.0,29758.86,-8.86,-0.48,1854.97,1875.596,1831.818,31650.95,29284.37,27675.66,0.24
2023-02-01,1854.98,1859.0,1844.97,1811.4,33973.89,-0.79,-0.04,1863.79,1875.385,1826.662,30386.95,28027.8,27259.61,0.27
2023-01-31,1896.5,1899.95,1845.76,1833.07,32990.68,-42.24,-2.24,1873.396,1875.383,1821.064,27804.76,26902.44,26456.17,0.26
2023-01-30,1909.0,1909.0,1888.0,1880.0,35922.55,27.99,1.5,1885.844,1876.252,1815.879,25466.47,25876.55,25875.83,0.29
2023-01-20,1889.19,1898.25,1860.01,1858.0,25608.75,-20.2,-1.07,1890.824,1871.572,1810.029,25651.61,25382.02,24945.66,0.2
2023-01-19,1892.5,1892.52,1880.21,1866.0,23438.89,-12.79,-0.68,1896.222,1865.948,1805.428,26917.79,25311.52,24823.99,0.19
2023-01-18,1914.0,1925.3,1893.0,1890.0,21062.93,-15.0,-0.79,1886.98,1858.027,1798.368,25668.65,27761.91,24792.85,0.17
2023-01-17,1913.16,1923.0,1908.0,1895.0,21299.23,-4.9,-0.26,1877.37,1841.228,1789.468,26000.12,27697.19,26049.62,0.17
2023-01-16,1886.0,1935.0,1912.9,1881.0,36848.26,25.9,1.37,1866.66,1823.429,1782.718,26286.62,28170.65,26234.02,0.29
2023-01-13,1844.18,1888.0,1887.0,1840.0,31939.65,53.0,2.89,1852.32,1804.839,1776.416,25112.42,27019.14,26056.74,0.25
2023-01-12,1848.0,1856.0,1834.0,1833.0,17193.17,-10.95,-0.59,1835.674,1788.039,1771.416,23705.24,26066.95,25991.48,0.14
2023-01-11,1856.0,1860.0,1844.95,1836.84,22720.31,-9.5,-0.51,1829.074,1777.939,1768.259,29855.17,26491.42,26586.74,0.18
2023-01-10,1839.06,1864.5,1854.45,1830.5,22731.73,13.25,0.72,1805.086,1766.744,1763.512,29394.26,26009.9,26520.0,0.18
2023-01-09,1835.0,1849.98,1841.2,1807.82,30977.23,37.43,2.08,1780.198,1755.505,1757.74,30054.68,25875.11,27121.17,0.25
2023-01-06,1806.12,1811.9,1803.77,1787.0,24903.75,2.77,0.15,1757.358,1748.485,1752.18,28925.85,24509.3,27533.07,0.2
2023-01-05,1737.0,1801.0,1801.0,1733.0,47942.85,75.99,4.41,1740.404,1744.908,1746.343,28428.66,24336.46,27274.36,0.38
2023-01-04,1730.0,1738.7,1725.01,1716.0,20415.75,-5.0,-0.29,1726.804,1738.708,1740.493,23127.67,21823.79,26653.53,0.16
2023-01-03,1731.2,1738.43,1730.01,1706.01,26033.8,3.01,0.17,1728.402,1737.707,1738.642,22625.53,24402.06,27840.12,0.21
2022-12-30,1736.0,1752.99,1727.0,1727.0,25333.12,8.0,0.47,1730.812,1742.006,1735.387,21695.53,24297.39,28344.8,0.2
2022-12-29,1717.0,1726.99,1719.0,1701.05,22417.8,-14.0,-0.81,1739.612,1747.993,1730.731,20092.75,25094.34,28272.34,0.18
2022-12-28,1745.88,1747.0,1733.0,1708.01,21437.9,0.0,0.0,1749.412,1754.792,1726.321,20244.26,25916.0,29719.33,0.17
2022-12-27,1738.0,1747.15,1733.0,1725.5,17905.05,12.85,0.75,1750.612,1758.579,1719.621,20519.91,26682.05,30222.3,0.14
2022-12-26,1771.0,1771.0,1742.06,1735.02,21383.8,-28.94,-1.63,1747.012,1760.279,1712.921,26178.58,27030.1,32998.06,0.17
2022-12-23,1752.4,1782.0,1771.0,1745.0,17319.21,3.0,0.17,1753.2,1759.975,1701.312,26899.24,28367.23,34315.03,0.14
2022-12-22,1756.7,1783.0,1768.0,1745.0,23175.34,29.0,1.67,1756.374,1755.875,1688.862,30095.93,30556.84,34380.12,0.18
2022-12-21,1724.0,1739.0,1739.0,1717.65,22816.14,24.0,1.4,1760.172,1747.777,1676.462,31587.75,30212.26,34605.72,0.18
2022-12-20,1765.33,1765.33,1715.0,1682.45,46198.4,-58.0,-3.27,1766.546,1742.277,1666.962,32844.2,31483.27,34573.79,0.37
2022-12-19,1798.8,1798.8,1773.0,1760.17,24987.1,-13.87,-0.78,1773.546,1739.577,1658.209,27881.61,31278.18,33758.9,0.2
2022-12-16,1773.25,1791.0,1786.87,1743.0,33302.66,-0.12,-0.01,1766.75,1728.767,1645.558,29835.23,32392.22,34464.34,0.27
2022-12-15,1805.0,1816.0,1786.99,1780.0,30634.44,16.12,0.91,1755.376,1713.468,1634.571,31017.75,31450.34,33979.65,0.24
2022-12-14,1743.0,1780.8,1770.87,1743.0,29098.4,20.87,1.19,1735.382,1697.849,1623.572,28836.77,33522.66,33976.92,0.23
2022-12-13,1737.0,1760.69,1750.0,1730.0,21385.46,10.98,0.63,1718.008,1680.662,1614.291,30122.34,33762.55,33864.39,0.17
2022-12-12,1715.86,1766.0,1739.02,1715.0,34755.17,9.02,0.52,1705.608,1665.562,1606.191,34674.75,38966.02,35610.99,0.28
2022-12-09,1692.0,1730.0,1730.0,1682.0,39215.26,42.98,2.55,1690.784,1642.648,1595.89,34949.2,40262.82,36741.74,0.31
2022-12-08,1682.0,1695.0,1687.02,1665.0,19729.56,3.02,0.18,1671.56,1621.849,1585.797,31882.93,38203.4,38478.34,0.16
2022-12-07,1677.81,1720.0,1684.0,1670.03,35526.26,-4.0,-0.24,1660.316,1605.146,1575.196,38208.56,38999.18,39377.84,0.28
2022-12-06,1655.0,1726.9,1688.0,1652.0,44147.48,23.1,1.39,1643.316,1591.646,1563.991,37402.76,37664.3,39406.04,0.35
2022-12-05,1668.0,1679.0,1664.9,1649.0,36127.46,31.02,1.9,1625.516,1576.841,1553.835,43257.29,36239.62,39164.91,0.29
2022-12-02,1635.0,1652.99,1633.88,1621.2,23883.9,3.08,0.19,1594.512,1562.349,1545.946,45576.44,36536.47,39493.45,0.19
2022-12-01,1660.0,1680.0,1630.8,1630.79,51357.68,31.8,1.99,1572.138,1555.674,1540.08,44523.87,36508.95,42299.66,0.41
2022-11-30,1587.12,1604.0,1599.0,1585.0,31497.3,0.0,0.0,1549.976,1549.294,1530.515,39789.81,34431.17,41989.76,0.25
2022-11-29,1569.56,1600.0,1599.0,1551.0,73420.13,89.12,5.9,1539.976,1547.919,1524.163,37925.84,33966.22,44403.75,0.58
2022-11-28,1484.78,1515.0,1509.88,1451.0,47723.21,-12.13,-0.8,1528.166,1546.819,1517.314,29221.94,32255.97,46671.07,0.38
2022-11-25,1520.51,1532.0,1522.01,1510.0,18621.04,2.02,0.13,1530.186,1549.131,1509.32,27496.5,33220.66,47877.24,0.15
2022-11-24,1559.0,1568.88,1519.99,1513.98,27687.38,-29.01,-1.87,1539.21,1549.745,1501.219,28494.03,38753.27,51603.32,0.22
2022-11-23,1528.0,1557.0,1549.0,1521.04,22177.46,9.05,0.59,1548.612,1545.246,1495.27,29072.53,39756.5,55574.25,0.18
2022-11-22,1517.44,1559.74,1539.95,1516.11,29900.62,19.97,1.31,1555.862,1536.336,1491.024,30006.59,41147.77,58554.42,0.24
2022-11-21,1541.35,1541.35,1519.98,1498.53,39096.0,-47.15,-3.01,1565.472,1530.829,1488.014,35289.99,42090.2,61127.47,0.31
2022-11-18,1576.0,1584.0,1567.13,1556.0,23608.71,0.13,0.01,1568.076,1529.542,1487.079,38944.82,42450.43,65777.57,0.19
2022-11-17,1590.5,1596.3,1567.0,1552.88,30579.88,-18.25,-1.15,1560.28,1524.486,1489.922,49012.51,48090.36,66542.5,0.24
2022-11-16,1581.0,1598.0,1585.25,1568.0,26847.76,-2.75,-0.17,1541.88,1511.736,1493.747,50440.47,49548.34,67152.41,0.21
2022-11-15,1532.0,1598.97,1588.0,1521.0,56317.6,55.0,3.59,1516.81,1500.407,1496.885,52288.95,54841.28,68816.07,0.45
2022-11-14,1543.5,1563.53,1533.0,1528.0,57370.15,4.85,0.32,1496.186,1487.808,1502.776,48890.41,61086.17,67404.33,0.46
2022-11-11,1528.0,1544.45,1528.15,1494.98,73947.15,53.15,3.6,1491.008,1469.508,1512.051,45956.05,62533.82,66213.3,0.59
2022-11-10,1444.0,1485.0,1475.0,1435.15,37719.67,15.1,1.03,1488.692,1452.693,1522.524,47168.21,64453.38,64841.92,0.3
2022-11-09,1483.95,1488.88,1459.9,1450.0,36090.16,-24.98,-1.68,1481.592,1445.293,1533.774,48656.21,71392.0,66154.4,0.29
2022-11-08,1508.0,1517.99,1484.88,1468.96,39324.91,-22.23,-1.48,1484.004,1445.711,1548.779,57393.61,75961.07,66759.65,0.31
2022-11-07,1494.05,1518.48,1507.11,1486.59,42698.35,-9.46,-0.62,1479.43,1445.198,1563.534,73281.93,80164.73,66395.76,0.34
2022-11-04,1437.96,1527.77,1516.57,1437.96,80007.95,77.07,5.35,1448.008,1444.615,1577.479,79111.59,89104.7,66690.05,0.64
2022-11-03,1443.57,1462.5,1439.5,1428.1,45159.7,-32.46,-2.21,1416.694,1455.358,1595.275,81738.55,84994.65,63754.11,0.36
2022-11-02,1460.0,1506.0,1471.96,1436.0,79777.15,9.95,0.68,1408.994,1475.758,1617.318,94127.79,84756.48,62575.6,0.64
2022-11-01,1359.0,1469.4,1462.01,1359.0,118766.48,112.01,8.3,1407.418,1493.362,1637.87,94528.52,82790.86,59659.05,0.95
2022-10-31,1350.0,1382.01,1350.0,1333.0,71846.65,-10.0,-0.73,1410.966,1517.744,1659.169,87047.54,73722.49,55161.73,0.57
2022-10-28,1390.77,1406.0,1360.0,1358.71,93142.75,-41.0,-2.93,1441.222,1554.594,1684.819,99097.82,69892.78,53326.14,0.74
2022-10-27,1480.0,1487.98,1401.0,1383.85,107105.9,-63.08,-4.31,1494.022,1592.355,1708.541,88250.75,65230.47,50083.39,0.85
2022-10-26,1488.8,1514.99,1464.08,1460.0,81780.83,-15.67,-1.06,1542.522,1622.254,1729.531,75385.18,60916.81,45863.31,0.65
2022-10-25,1479.42,1515.0,1479.75,1472.0,81361.56,-21.53,-1.43,1579.306,1651.846,1748.727,71053.2,57558.23,42824.0,0.65
2022-10-24,1570.0,1589.0,1501.28,1488.01,132098.05,-122.72,-7.56,1624.522,1681.87,1768.64,60397.44,52626.79,39461.73,1.05
2022-10-21,1640.0,1647.8,1624.0,1610.0,38907.4,-19.5,-1.19,1667.966,1710.342,1787.158,40687.74,44275.4,33786.01,0.31
2022-10-20,1621.0,1668.43,1643.5,1611.0,42778.07,-4.5,-0.27,1690.688,1735.192,1798.908,42210.2,42513.57,33046.7,0.34
2022-10-19,1701.98,1701.98,1648.0,1648.0,60120.93,-57.83,-3.39,1701.986,1758.877,1810.733,46448.44,40394.72,31948.31,0.48
2022-10-18,1725.0,1730.0,1705.83,1701.0,28082.77,-12.67,-0.74,1724.386,1782.377,1821.783,44063.25,36527.23,29744.34,0.22
2022-10-17,1726.0,1727.99,1718.5,1697.8,33549.51,-19.11,-1.1,1739.218,1800.594,1830.441,44856.13,36600.97,29774.85,0.27
2022-10-14,1710.0,1755.0,1737.61,1701.94,46519.7,37.62,2.21,1752.718,1815.044,1836.756,47863.06,36759.51,29451.87,0.37
2022-10-13,1720.46,1735.0,1699.99,1697.0,63969.27,-60.01,-3.41,1779.696,1824.726,1840.625,42816.93,34936.31,27955.42,0.51
2022-10-12,1773.66,1779.0,1760.0,1708.0,48195.0,-19.99,-1.12,1815.768,1836.808,1846.526,34341.01,30809.81,26172.26,0.38
2022-10-11,1789.0,1806.0,1779.99,1760.0,32047.19,-6.01,-0.34,1840.368,1845.608,1850.776,28991.21,28089.77,24804.01,0.26
2022-10-10,1890.0,1891.0,1786.0,1780.2,48584.13,-86.5,-4.62,1861.97,1855.409,1853.527,28345.81,26296.68,25042.75,0.39
2022-09-30,1898.62,1901.99,1872.5,1866.0,21289.08,-7.85,-0.42,1877.37,1863.973,1857.977,25655.96,23296.62,23583.11,0.17
2022-09-29,1897.98,1902.18,1880.35,1871.13,21589.66,-2.65,-0.14,1869.756,1862.623,1858.396,27055.69,23579.83,23860.91,0.17
2022-09-28,1880.5,1899.4,1883.0,1874.01,21445.97,-5.0,-0.27,1857.848,1862.588,1860.579,27278.61,23501.89,25016.0,0.17
2022-09-27,1868.86,1897.0,1888.0,1851.11,28820.19,25.0,1.34,1850.848,1861.188,1859.929,27188.33,22961.45,24855.47,0.23
2022-09-26,1820.0,1888.0,1863.0,1819.98,35134.92,28.57,1.56,1848.848,1860.288,1859.47,24247.55,22948.74,24092.94,0.28
2022-09-23,1820.81,1855.0,1834.43,1820.81,28287.69,13.62,0.75,1850.576,1858.467,1861.22,20937.27,22144.23,23493.29,0.23
2022-09-22,1840.0,1841.02,1820.81,1816.85,22704.29,-27.19,-1.47,1855.49,1856.524,1863.748,20103.98,20974.52,23175.17,0.18
2022-09-21,1876.67,1883.0,1848.0,1848.0,20994.54,-30.0,-1.6,1867.328,1856.244,1865.418,19725.17,21534.71,22976.34,0.17
2022-09-20,1869.98,1884.6,1878.0,1858.55,14116.3,6.36,0.34,1871.528,1855.944,1866.518,18734.57,21518.26,23114.43,0.11
2022-09-19,1855.0,1888.59,1871.64,1852.88,18583.51,12.64,0.68,1871.728,1851.644,1867.317,21649.93,23788.82,23179.95,0.15
2022-09-16,1871.8,1885.6,1859.0,1855.11,24121.27,-21.0,-1.12,1866.358,1851.98,1868.486,23351.2,23869.6,22927.98,0.19
2022-09-15,1870.0,1893.12,1880.0,1869.96,20810.21,11.0,0.59,1857.558,1854.169,1870.311,21845.06,24141.98,22880.31,0.17
2022-09-14,1864.01,1880.0,1869.0,1863.0,16041.57,-10.0,-0.53,1845.16,1858.569,1872.211,23344.25,26530.11,22757.83,0.13
2022-09-13,1880.0,1888.38,1879.0,1858.23,28693.09,34.21,1.85,1840.36,1858.669,1874.653,24301.94,26749.49,22697.54,0.23
2022-09-09,1825.0,1852.0,1844.79,1816.0,27089.86,29.79,1.64,1831.56,1858.651,1876.697,25927.7,25237.14,22229.05,0.22
2022-09-08,1820.0,1832.0,1815.0,1815.0,16590.57,-3.01,-0.17,1837.602,1863.972,1880.858,24387.99,24842.35,21887.54,0.13
2022-09-07,1835.03,1837.66,1818.01,1811.01,28306.16,-26.99,-1.46,1850.78,1870.972,1885.453,26438.89,25375.83,22361.09,0.23
2022-09-06,1835.36,1848.2,1845.0,1825.0,20830.04,10.0,0.55,1871.978,1874.591,1888.352,29715.96,24417.97,22342.11,0.17
2022-09-05,1862.64,1869.0,1835.0,1820.0,36821.87,-40.0,-2.13,1876.978,1877.092,1891.602,29197.03,24710.61,21994.34,0.29
2022-09-02,1889.94,1892.96,1875.0,1866.17,19391.32,-5.89,-0.31,1885.742,1882.99,1895.429,24546.58,22571.09,20993.2,0.15
2022-09-01,1912.15,1916.0,1880.89,1880.89,26845.08,-43.11,-2.24,1890.342,1884.991,1897.877,25296.71,21986.37,21027.92,0.21
2022-08-31,1860.1,1925.56,1924.0,1860.01,44691.51,54.0,2.89,1891.164,1886.452,1899.633,24312.76,21618.64,21203.53,0.36
2022-08-30,1882.35,1885.0,1870.0,1854.2,18235.39,-8.82,-0.47,1877.204,1885.852,1897.683,19119.98,18985.55,20198.87,0.15
2022-08-29,1883.0,1899.97,1878.82,1874.0,13569.62,-19.18,-1.01,1877.206,1890.636,1898.182,20224.18,18645.6,20698.15,0.11
2022-08-26,1900.0,1912.0,1898.0,1886.0,23141.95,13.0,0.69,1880.238,1894.743,1898.756,20595.59,19220.95,21071.54,0.18
2022-08-25,1859.0,1888.0,1885.0,1854.2,21925.34,30.8,1.66,1879.64,1897.743,1898.778,18676.03,18932.74,21766.06,0.17
2022-08-24,1869.99,1875.23,1854.2,1851.0,18727.61,-15.81,-0.84,1881.74,1899.933,1899.428,18924.52,19346.35,22413.28,0.15
2022-08-23,1898.6,1898.6,1870.01,1867.0,23756.36,-23.97,-1.27,1894.5,1902.113,1902.698,18851.12,20266.25,22551.4,0.19
2022-08-22,1885.01,1907.0,1893.98,1881.38,15426.67,-1.03,-0.05,1904.066,1906.112,1906.708,17067.02,19278.08,22397.83,0.12
2022-08-19,1898.0,1908.35,1895.01,1888.0,13544.17,-0.49,-0.03,1909.248,1907.867,1909.241,17846.31,19415.31,22472.12,0.11
2022-08-18,1908.0,1913.08,1895.5,1881.07,23167.77,-22.5,-1.17,1915.846,1910.762,1911.841,19189.44,20069.48,23050.59,0.18
2022-08-17,1930.0,1930.0,1918.0,1895.0,18360.63,0.16,0.01,1918.126,1912.813,1914.016,19768.19,20788.42,22595.27,0.15
2022-08-16,1923.94,1933.79,1917.84,1916.0,14835.84,-2.05,-0.11,1909.726,1909.513,1915.621,21681.38,21412.19,22612.47,0.12
2022-08-15,1920.46,1939.5,1919.89,1915.55,19323.14,-8.11,-0.42,1908.158,1905.727,1916.884,21489.14,22750.7,22968.48,0.15
2022-08-12,1906.9,1930.0,1928.0,1900.0,20259.83,21.1,1.11,1906.486,1902.768,1918.472,20984.31,22922.13,23213.36,0.16
2022-08-11,1886.0,1907.0,1906.9,1878.01,26061.49,30.9,1.65,1905.678,1899.812,1919.547,20949.51,24599.38,23871.18,0.21
2022-08-10,1909.98,1918.0,1876.0,1864.58,27926.62,-34.0,-1.78,1907.5,1898.922,1921.852,21808.64,25480.22,23594.47,0.22
2022-08-09,1911.53,1918.99,1910.0,1905.0,13874.61,-1.53,-0.08,1909.3,1903.282,1925.997,21143.0,24836.54,23190.82,0.11
2022-08-08,1915.15,1932.88,1911.53,1907.51,16799.01,-12.43,-0.65,1903.296,1907.303,1927.917,24012.26,25517.59,23669.44,0.13
2022-08-05,1927.8,1935.0,1923.96,1904.9,20085.84,7.95,0.41,1899.05,1910.615,1930.521,24859.94,25528.93,24026.95,0.16
2022-08-04,1890.0,1923.1,1916.01,1880.13,30357.14,31.01,1.65,1893.946,1912.919,1934.273,28249.24,26031.71,23804.85,0.24
2022-08-03,1889.99,1904.0,1885.0,1877.0,24598.42,5.02,0.27,1890.344,1915.218,1937.972,29151.79,24402.13,23333.58,0.2
2022-08-02,1880.0,1887.98,1879.98,1858.01,28220.88,-10.32,-0.55,1897.264,1921.728,1943.822,28530.08,23812.75,23741.24,0.22
2022-08-01,1890.01,1908.0,1890.3,1881.18,21037.41,-8.14,-0.43,1911.31,1928.04,1951.474,27022.92,23186.26,23646.67,0.17
2022-07-29,1895.1,1918.99,1898.44,1878.1,37032.36,0.44,0.02,1922.18,1934.176,1957.859,26197.93,23504.59,23848.59,0.29
2022-07-28,1921.1,1938.0,1898.0,1892.66,34869.86,-21.6,-1.12,1931.892,1939.282,1964.389,23814.17,23142.98,23076.8,0.28
2022-07-27,1942.0,1948.0,1919.6,1917.0,21489.87,-30.61,-1.57,1940.092,1944.782,1971.739,19652.47,21708.72,23282.43,0.17
2022-07-26,1952.99,1964.97,1950.21,1947.02,20685.1,5.56,0.29,1946.192,1948.711,1977.259,19095.42,21545.11,23725.94,0.16
2022-07-25,1949.51,1952.3,1944.65,1931.0,16912.44,-2.35,-0.12,1944.77,1948.531,1981.549,19349.6,21821.28,23953.97,0.13
2022-07-22,1949.22,1962.0,1947.0,1935.0,25113.57,8.0,0.41,1946.172,1950.426,1984.844,20811.26,22524.96,25114.11,0.2
2022-07-21,1943.1,1955.9,1939.0,1934.51,14061.37,-11.1,-0.57,1946.672,1955.626,1987.944,22471.79,21577.99,25840.16,0.11
2022-07-20,1958.75,1970.0,1950.1,1945.0,18704.61,7.0,0.36,1949.472,1960.726,1988.849,23764.97,22265.03,26479.27,0.15
2022-07-19,1945.0,1951.65,1943.1,1926.0,21956.03,-8.56,-0.44,1951.23,1965.916,1988.144,23994.8,23669.74,26526.37,0.17
2022-07-18,1952.36,1959.0,1951.66,1922.0,24220.72,2.16,0.11,1952.292,1974.907,1988.276,24292.96,24107.08,26614.42,0.19
2022-07-15,1945.11,1999.68,1949.5,1944.51,33416.23,-3.5,-0.18,1954.68,1981.541,1987.794,24238.66,24192.59,27152.12,0.27
2022-07-14,1960.0,1976.8,1953.0,1941.0,20527.24,-5.89,-0.3,1964.58,1989.496,1987.869,20684.19,23010.61,28008.39,0.16
2022-07-13,1945.0,1972.0,1958.89,1940.67,19853.77,10.48,0.54,1971.98,1998.696,1984.069,20765.1,24856.13,28326.36,0.16
2022-07-12,1965.0,1972.8,1948.41,1930.06,23446.86,-15.19,-0.77,1980.602,2005.807,1979.88,23344.68,25906.77,29016.86,0.19
2022-07-11,1990.2,1994.77,1963.6,1950.5,23949.21,-35.4,-1.77,1997.522,2014.566,1976.009,23921.19,26086.65,29315.32,0.19
2022-07-08,2005.0,2014.89,1999.0,1996.16,15643.89,9.0,0.45,2008.402,2019.261,1970.629,24146.52,27703.25,29955.62,0.12
2022-07-07,2005.0,2009.35,1990.0,1985.01,20931.77,-12.0,-0.6,2014.412,2020.262,1965.709,25337.03,30102.33,31540.66,0.17
2022-07-06,2032.0,2039.0,2002.0,1986.0,32751.66,-31.01,-1.52,2025.412,2016.972,1958.859,28947.17,30693.5,31810.52,0.26
2022-07-05,2025.28,2054.45,2033.01,2010.0,26329.4,15.01,0.74,2031.012,2010.372,1952.039,28468.86,29383.0,32390.63,0.21
2022-07-04,2020.01,2024.29,2018.0,2001.01,25075.89,-11.05,-0.55,2031.61,2001.645,1941.284,28252.12,29121.76,32826.59,0.2
2022-07-01,2055.0,2067.77,2029.05,2015.21,21596.45,-15.95,-0.78,2030.12,1994.047,1929.784,31259.98,30111.65,33409.86,0.17
2022-06-30,2000.0,2077.0,2045.0,1999.99,38982.43,36.67,1.83,2026.112,1986.242,1917.631,34867.62,33006.17,33175.77,0.31
2022-06-29,2028.0,2042.0,2030.0,2011.01,30360.12,-6.0,-0.29,2008.532,1969.442,1904.794,32439.83,31796.59,32314.65,0.24
2022-06-28,2019.74,2041.0,2036.0,2001.0,25245.71,25.45,1.27,1989.732,1953.952,1893.495,30297.14,32126.94,32834.19,0.2
2022-06-27,2019.94,2049.94,2010.55,2000.3,40115.17,1.54,0.08,1971.68,1937.452,1880.616,29991.4,32544.0,33295.18,0.32
2022-06-24,1970.0,2020.0,2009.01,1965.0,39634.65,51.91,2.65,1957.974,1921.997,1867.846,28963.32,32208.0,32545.4,0.32
2022-06-23,1942.7,1965.04,1957.1,1940.0,26843.52,21.1,1.09,1946.372,1911.156,1854.536,31144.72,32978.99,31966.34,0.21
2022-06-22,1955.0,1958.0,1936.0,1932.0,19646.65,-9.74,-0.5,1930.352,1900.746,1844.456,31153.35,32927.54,31743.6,0.16
2022-06-21,1949.0,1966.99,1945.74,1928.0,23717.02,3.72,0.19,1918.172,1893.706,1835.656,33956.75,35398.26,32128.38,0.19
2022-06-20,1950.0,1970.0,1942.02,1930.0,34974.78,-8.98,-0.46,1903.224,1880.922,1827.419,35096.59,36531.42,32050.39,0.28
2022-06-17,1878.09,1952.0,1951.0,1878.09,50541.61,74.0,3.94,1886.02,1865.52,1820.319,35452.67,36708.06,32399.13,0.4
2022-06-16,1894.59,1907.63,1877.0,1875.33,26886.7,1.9,0.1,1875.94,1849.02,1810.569,34813.27,33345.38,30860.86,0.21
2022-06-15,1870.0,1905.0,1875.1,1862.99,33663.62,4.1,0.22,1871.14,1840.145,1804.769,34701.73,32832.71,30759.05,0.27
2022-06-14,1834.0,1875.42,1871.0,1832.0,29416.23,15.0,0.81,1869.24,1833.038,1799.414,36839.77,33541.43,30083.1,0.23
2022-06-13,1890.0,1892.0,1856.0,1848.08,36755.18,-44.6,-2.35,1858.62,1823.779,1793.764,37966.24,34046.37,30000.56,0.29
2022-06-10,1845.01,1907.0,1900.6,1835.0,47344.62,47.6,2.57,1845.02,1813.695,1789.876,37963.46,32882.81,29199.32,0.38
2022-06-09,1872.0,1888.35,1853.0,1849.0,26329.02,-12.6,-0.68,1822.1,1797.915,1782.979,31877.48,30953.7,27934.0,0.21
2022-06-08,1825.0,1882.0,1865.6,1825.0,44353.81,47.7,2.62,1809.15,1788.166,1778.729,30963.68,30559.66,28133.19,0.35
2022-06-07,1784.14,1825.0,1817.9,1770.31,35048.59,29.9,1.67,1796.836,1777.606,1773.759,30243.08,28858.5,27921.46,0.28
2022-06-06,1790.0,1795.0,1788.0,1758.0,36741.26,2.0,0.11,1788.938,1773.916,1770.464,30126.5,27569.36,27686.62,0.29
2022-06-02,1787.97,1795.8,1786.0,1780.0,16914.73,-2.25,-0.13,1782.37,1775.117,1770.714,27802.17,28090.19,27279.36,0.13
2022-06-01,1802.0,1814.78,1788.25,1779.0,21760.01,-15.78,-0.88,1773.73,1772.117,1773.264,30029.91,28376.34,28116.67,0.17
2022-05-31,1774.77,1814.9,1804.03,1766.98,40750.82,25.62,1.44,1767.182,1769.392,1775.27,30155.64,28685.39,28772.94,0.32
2022-05-30,1766.0,1790.55,1778.41,1766.0,34465.69,23.25,1.32,1758.376,1765.789,1776.819,27473.92,26624.78,28935.9,0.27
2022-05-27,1759.99,1780.0,1755.16,1753.01,25119.58,12.36,0.71,1758.894,1763.748,1777.644,25012.21,25954.74,30082.74,0.2
2022-05-26,1761.0,1761.0,1742.8,1730.0,28053.44,-12.71,-0.72,1767.864,1766.056,1776.51,28378.22,25515.84,31054.96,0.22
2022-05-25,1765.27,1772.0,1755.51,1747.0,22388.69,-4.49,-0.26,1770.504,1768.043,1774.77,26722.78,24914.31,32335.18,0.18
2022-05-24,1786.0,1787.0,1760.0,1755.5,27342.22,-21.0,-1.18,1771.602,1769.292,1775.645,27215.13,25706.71,32610.74,0.22
2022-05-23,1800.0,1803.89,1781.0,1772.0,22157.13,-19.01,-1.06,1773.202,1769.911,1776.644,25775.63,26984.41,32691.26,0.18
2022-05-20,1759.99,1801.15,1800.01,1752.0,41949.6,44.01,2.51,1768.602,1767.011,1777.444,26897.27,27803.88,32791.19,0.33
2022-05-19,1745.0,1757.0,1756.0,1739.0,19776.26,-5.0,-0.28,1764.248,1766.31,1776.958,22653.45,26468.54,31903.94,0.16
2022-05-18,1773.66,1773.92,1761.0,1743.02,24850.44,-7.0,-0.4,1765.582,1774.41,1778.699,23105.85,27857.0,31904.79,0.2
2022-05-17,1769.88,1775.0,1768.0,1755.0,20144.74,10.0,0.57,1766.982,1781.148,1780.949,24198.29,28860.49,31714.32,0.16
2022-05-16,1797.0,1797.0,1758.0,1742.67,27765.31,-20.24,-1.14,1766.62,1787.848,1782.999,28193.18,31247.02,32589.58,0.22
2022-05-13,1780.0,1797.94,1778.24,1766.0,20730.52,15.57,0.88,1765.42,1791.54,1783.549,28710.49,34210.73,32758.7,0.17
2022-05-12,1753.0,1778.0,1762.67,1750.0,22038.23,-5.33,-0.3,1768.372,1786.964,1783.737,30283.62,36594.08,33803.65,0.18
2022-05-11,1755.0,1788.48,1768.0,1752.0,30312.67,1.81,0.1,1783.238,1781.497,1781.603,32608.16,39756.06,34894.92,0.24
2022-05-10,1720.0,1784.96,1766.19,1705.01,40119.19,14.19,0.81,1795.314,1781.997,1782.403,33522.68,39514.76,34526.35,0.32
2022-05-09,1780.0,1780.0,1752.0,1738.0,30351.82,-41.0,-2.29,1809.076,1783.376,1782.344,34300.85,38398.11,33530.18,0.24
2022-05-06,1814.99,1819.0,1793.0,1781.0,28596.18,-44.0,-2.4,1817.66,1787.876,1782.994,39710.98,37778.5,33403.57,0.23
2022-05-05,1830.0,1870.0,1837.0,1828.98,33660.94,8.62,0.47,1805.556,1787.606,1782.344,42904.53,37339.35,34216.86,0.27
2022-04-29,1836.0,1849.0,1828.38,1810.98,34885.27,-6.62,-0.36,1779.756,1782.988,1776.444,46903.95,35952.57,33792.51,0.28
2022-04-28,1793.0,1845.0,1835.0,1786.5,44010.06,40.08,2.23,1768.68,1780.749,1771.53,45506.85,34568.16,34169.91,0.35
2022-04-27,1767.12,1810.0,1794.92,1767.12,57402.44,62.44,3.6,1757.676,1778.149,1763.13,42495.36,33932.14,33266.16,0.46
2022-04-26,1703.33,1748.98,1732.48,1700.0,44563.96,24.48,1.43,1758.092,1775.557,1756.424,35846.01,31306.66,33273.12,0.35
2022-04-25,1750.0,1776.5,1708.0,1702.0,53658.02,-65.0,-3.67,1769.656,1780.509,1754.3,31774.17,31013.22,32530.35,0.43
2022-04-22,1763.0,1787.88,1773.0,1760.18,27899.75,-6.98,-0.39,1786.22,1781.709,1754.947,25001.2,30033.78,31138.22,0.22
2022-04-21,1790.2,1806.0,1779.98,1770.0,28952.61,-17.02,-0.95,1792.818,1782.809,1753.906,23629.47,29537.94,32646.6,0.23
2022-04-20,1801.69,1820.0,1797.0,1768.68,24155.72,6.7,0.37,1798.622,1781.311,1749.657,25368.92,28662.25,32251.67,0.19
2022-04-19,1800.0,1832.99,1790.3,1775.5,24204.76,-0.52,-0.03,1793.022,1778.111,1745.022,26767.31,29028.65,32437.75,0.19
2022-04-18,1781.13,1798.0,1790.82,1768.0,19793.15,-15.17,-0.84,1791.362,1777.082,1740.897,30252.27,31094.37,33144.94,0.16
2022-04-15,1802.2,1818.0,1805.99,1795.89,21041.13,-3.01,-0.17,1777.198,1769.9,1737.363,35066.36,31632.44,35572.88,0.17
2022-04-14,1788.0,1835.9,1809.0,1780.2,37649.86,40.0,2.26,1772.8,1762.311,1730.811,35446.4,33771.67,38400.47,0.3
2022-04-13,1767.0,1795.0,1769.0,1751.08,31147.66,-13.0,-0.73,1764.0,1748.111,1720.511,31955.57,32600.18,40970.77,0.25
2022-04-12,1729.0,1787.97,1782.0,1708.0,41629.56,62.0,3.6,1763.2,1737.291,1717.061,31289.99,35239.58,41863.71,0.33
2022-04-11,1770.0,1770.0,1720.0,1706.03,43863.59,-64.0,-3.59,1762.802,1728.091,1716.412,31936.46,34047.49,42168.57,0.35
2022-04-08,1768.0,1788.7,1784.0,1766.54,22941.32,19.0,1.08,1762.602,1728.184,1720.133,28198.51,32242.66,41798.48,0.18
2022-04-07,1758.0,1785.0,1765.0,1750.1,20195.71,0.0,0.0,1751.822,1725.003,1719.892,32096.94,35755.27,43473.14,0.16
2022-04-06,1753.0,1788.73,1765.0,1753.0,27819.77,-15.01,-0.84,1732.222,1718.003,1719.302,33244.79,35841.1,45324.13,0.22
2022-04-01,1729.94,1793.0,1780.01,1721.69,44861.91,61.01,3.55,1711.382,1711.933,1716.402,39189.16,35846.84,46390.93,0.36
2022-03-31,1720.0,1738.6,1719.0,1708.8,25173.86,-11.1,-0.64,1693.38,1704.711,1716.427,36158.51,35195.52,45700.18,0.2
2022-03-30,1698.0,1730.1,1730.1,1695.0,42433.43,63.1,3.79,1693.766,1704.826,1720.477,36286.81,39513.33,46018.84,0.34
2022-03-29,1661.5,1691.5,1667.0,1661.5,25934.98,6.2,0.37,1698.184,1699.311,1726.216,39413.6,43029.26,44900.89,0.21
2022-03-28,1625.0,1664.8,1660.8,1604.0,57541.64,-29.2,-1.73,1703.784,1692.911,1735.79,38437.41,49341.35,45973.11,0.46
2022-03-25,1712.0,1734.0,1690.0,1685.0,29708.66,-30.93,-1.8,1712.484,1696.831,1742.27,32504.51,48487.85,44542.18,0.24
2022-03-24,1738.0,1740.0,1720.93,1717.35,25815.32,-31.26,-1.78,1716.042,1704.732,1747.723,34232.52,50289.66,45005.7,0.21
2022-03-23,1705.0,1770.0,1752.19,1697.0,58067.39,57.19,3.37,1715.886,1712.082,1749.882,42739.85,51354.31,46982.9,0.46
2022-03-22,1723.88,1723.88,1695.0,1686.33,21054.04,-9.3,-0.55,1700.438,1714.781,1753.623,46644.93,51191.01,45485.11,0.17
2022-03-21,1724.0,1725.65,1704.3,1695.01,27877.16,-3.49,-0.2,1682.038,1720.601,1759.266,60245.3,54807.15,47047.35,0.22
2022-03-18,1718.0,1745.0,1707.79,1692.28,38348.68,-12.36,-0.72,1681.178,1720.871,1767.901,64471.19,56935.02,46694.27,0.31
2022-03-17,1720.0,1755.0,1720.15,1711.66,68351.96,45.2,2.7,1693.422,1728.142,1777.861,66346.8,56204.85,45746.11,0.54
2022-03-16,1634.0,1683.9,1674.95,1593.0,77592.81,71.95,4.49,1708.278,1736.127,1786.203,59968.77,52524.35,43239.2,0.62
2022-03-15,1650.0,1685.0,1603.0,1603.0,89055.87,-97.0,-5.71,1729.124,1753.12,1797.083,55737.09,46772.52,40088.9,0.71
2022-03-14,1730.0,1750.0,1700.0,1700.0,49006.61,-69.01,-3.9,1759.164,1778.668,1811.464,49369.01,42604.86,36991.4,0.39
2022-03-11,1766.0,1777.0,1769.01,1718.08,47726.77,-25.42,-1.42,1760.564,1787.708,1819.898,49398.85,40596.5,35550.86,0.38
2022-03-10,1808.0,1821.0,1794.43,1791.0,36461.78,15.25,0.86,1762.862,1790.713,1823.946,46062.9,39721.74,34851.85,0.29
2022-03-09,1764.1,1805.0,1779.18,1721.11,56434.42,25.98,1.48,1763.976,1787.681,1827.874,45079.93,42611.48,34180.35,0.45
2022-03-08,1759.98,1786.66,1753.2,1732.0,57215.46,46.2,2.71,1777.116,1792.464,1833.714,37807.94,39779.2,33052.87,0.46
2022-03-07,1760.2,1768.0,1707.0,1703.8,49155.81,-73.5,-4.13,1798.172,1797.931,1838.004,35840.71,39287.54,32277.75,0.39
2022-03-04,1772.0,1792.89,1780.5,1755.1,31047.03,-19.5,-1.08,1814.852,1814.93,1846.052,31794.15,36453.53,31577.48,0.25
2022-03-03,1845.8,1850.25,1800.0,1794.0,31546.93,-44.88,-2.43,1818.564,1827.58,1851.377,33380.57,35287.38,32076.14,0.25
2022-03-02,1840.0,1850.99,1844.88,1825.0,20074.48,-13.6,-0.73,1811.386,1836.279,1859.627,40143.04,33954.05,32632.05,0.16
2022-03-01,1802.0,1863.57,1858.48,1802.0,47379.3,68.08,3.8,1807.812,1841.046,1865.133,41750.46,33405.29,32823.58,0.38
2022-02-28,1787.06,1797.0,1790.4,1767.0,28923.03,-8.66,-0.48,1797.69,1844.26,1869.359,42734.37,31377.94,31730.12,0.23
2022-02-25,1775.0,1808.28,1799.06,1775.0,38979.13,34.95,1.98,1815.008,1852.087,1877.349,41112.91,30505.23,31483.26,0.31
2022-02-24,1808.0,1813.99,1764.11,1748.1,65359.25,-62.9,-3.44,1836.596,1857.178,1886.646,37194.18,29981.96,31074.93,0.52
2022-02-23,1811.41,1834.0,1827.01,1800.08,28111.61,19.14,1.06,1861.172,1868.067,1896.916,27765.06,25749.22,29507.66,0.22
2022-02-22,1860.01,1861.0,1807.87,1800.02,52298.81,-69.12,-3.68,1874.28,1874.964,1901.166,25060.11,26326.54,29420.63,0.42
2022-02-21,1900.0,1906.9,1876.99,1868.95,20815.73,-30.01,-1.57,1890.83,1878.077,1905.386,20021.52,25267.96,28366.48,0.17
2022-02-18,1877.63,1907.98,1907.0,1865.66,19385.49,20.01,1.06,1889.166,1877.174,1904.617,19897.55,26701.43,28693.38,0.15
2022-02-17,1900.61,1911.48,1886.99,1881.0,18213.66,-5.56,-0.29,1877.76,1875.174,1902.617,22769.75,28864.89,29190.19,0.14
2022-02-16,1900.0,1907.0,1892.55,1888.0,14586.85,1.93,0.1,1874.962,1882.975,1902.137,23733.38,31310.04,31116.88,0.12
2022-02-15,1868.8,1911.0,1890.62,1859.0,27105.86,21.95,1.18,1875.648,1889.22,1905.859,27592.97,32241.87,31761.24,0.22
2022-02-14,1840.0,1877.0,1868.67,1837.31,20195.87,18.7,1.01,1865.324,1894.458,1908.356,30514.41,32082.3,31519.78,0.16
2022-02-11,1857.0,1900.79,1849.97,1841.0,33746.49,-23.03,-1.23,1865.182,1902.611,1913.222,33505.32,32461.29,31991.32,0.27
2022-02-10,1900.0,1905.9,1873.0,1857.39,23031.83,-22.98,-1.21,1872.588,1916.113,1917.824,34960.04,32167.9,31794.83,0.18
2022-02-09,1839.09,1908.0,1895.98,1826.97,33884.79,56.98,3.1,1890.988,1925.765,1923.285,38886.71,33266.11,33232.97,0.27
2022-02-08,1868.88,1872.87,1839.0,1790.0,41713.06,-28.96,-1.55,1902.792,1927.367,1929.686,36890.78,32514.72,32958.51,0.33
2022-02-07,1900.99,1913.56,1867.96,1850.0,35150.42,-19.04,-1.01,1923.592,1932.694,1940.297,33650.19,31464.99,32564.99,0.28
2022-01-28,1955.0,1968.0,1887.0,1880.01,41020.11,-78.0,-3.97,1940.04,1932.059,1949.399,31417.26,30685.33,32290.71,0.33
2022-01-27,2001.01,2010.82,1965.0,1952.0,42665.16,10.0,0.51,1959.638,1930.059,1958.799,29375.76,29515.49,32002.78,0.34
2022-01-26,1942.04,1969.0,1955.0,1919.0,23905.13,12.0,0.62,1960.542,1921.298,1962.599,27645.51,30923.71,32571.97,0.19
2022-01-25,1943.0,1966.0,1943.0,1931.0,25510.12,-7.2,-0.37,1951.942,1922.498,1971.758,28138.67,31280.6,32759.25,0.2
2022-01-24,1955.0,1984.0,1950.2,1931.44,23985.8,-34.79,-1.75,1941.796,1922.253,1981.199,29279.8,30957.26,33361.54,0.19
2022-01-21,1960.0,1993.49,1984.99,1951.01,30812.58,15.47,0.79,1924.078,1923.833,1993.394,29953.4,31521.35,34968.73,0.25
2022-01-20,1916.0,1979.99,1969.52,1916.0,34013.91,57.52,3.01,1900.48,1919.534,2000.144,29655.22,31421.76,35383.02,0.27
2022-01-19,1919.0,1919.0,1912.0,1888.88,26370.94,19.73,1.04,1882.054,1920.804,2004.068,34201.9,33199.84,34553.87,0.21
2022-01-18,1861.68,1908.85,1892.27,1852.0,31215.77,30.66,1.65,1893.054,1932.004,2010.378,34422.54,33402.3,34549.61,0.25
2022-01-17,1868.0,1878.3,1861.61,1835.34,27353.82,-5.39,-0.29,1902.71,1947.9,2018.713,32634.71,33664.98,34601.71,0.22
2022-01-14,1877.39,1893.0,1867.0,1863.0,29321.64,-10.39,-0.55,1923.588,1966.739,2028.167,33089.29,33896.09,35654.18,0.23
2022-01-13,1964.82,1967.99,1877.39,1865.56,56747.35,-89.61,-4.56,1938.588,1987.539,2040.767,33188.3,34490.06,36048.66,0.45
2022-01-12,1948.0,1978.8,1967.0,1948.0,27474.1,26.45,1.36,1959.554,2003.9,2053.647,32197.78,34220.23,34715.21,0.22
2022-01-11,1948.0,1965.0,1940.55,1931.17,22276.64,-25.45,-1.29,1970.954,2021.018,2062.797,32382.06,34237.89,35363.98,0.18
2022-01-10,1928.01,1977.0,1966.0,1917.55,29626.7,24.0,1.24,1993.09,2040.145,2071.68,34695.25,35765.82,37540.47,0.24
2022-01-07,1975.0,1988.88,1942.0,1939.32,29816.69,-40.22,-2.03,2009.89,2062.954,2077.88,34702.9,38416.11,38216.55,0.24
2022-01-06,2022.01,2036.0,1982.22,1938.51,51794.75,-41.78,-2.06,2036.49,2080.754,2085.107,35791.83,39344.29,39937.67,0.41
2022-01-05,2045.0,2065.0,2024.0,2018.0,28395.51,-27.23,-1.33,2048.246,2087.332,2088.146,36242.68,35907.89,40400.34,0.23
2022-01-04,2055.0,2068.95,2051.23,2014.0,33842.62,1.23,0.06,2071.082,2088.752,2084.74,36093.72,35696.93,40829.56,0.27
2021-12-31,2070.0,2072.98,2050.0,2028.0,29664.91,-25.0,-1.21,2087.2,2089.525,2080.543,36836.38,35538.44,40690.62,0.24
2021-12-30,2041.0,2088.98,2075.0,2028.0,35261.36,34.0,1.67,2116.018,2089.595,2076.637,42129.31,37412.27,40998.29,0.28
2021-12-29,2150.0,2154.25,2041.0,2041.0,54049.02,-97.18,-4.54,2125.018,2093.994,2069.587,42896.75,37607.27,40256.32,0.43
2021-12-28,2133.0,2155.5,2138.18,2116.6,27650.7,6.36,0.3,2126.418,2103.394,2064.187,35573.1,35210.19,38866.59,0.22
2021-12-27,2168.0,2168.0,2131.82,2112.0,37555.9,-62.27,-2.84,2106.422,2104.576,2053.816,35300.14,36490.06,39330.3,0.3
2021-12-24,2148.88,2216.96,2194.09,2148.88,56129.59,74.09,3.5,2091.85,2103.214,2046.475,34240.5,39315.13,39572.47,0.45
2021-12-23,2053.0,2120.0,2120.0,2025.0,39098.54,72.0,3.52,2063.172,2092.805,2033.821,32695.22,38016.99,38398.77,0.31
2021-12-22,2040.0,2063.0,2048.0,2040.0,17430.79,9.8,0.48,2062.97,2089.46,2025.623,32317.78,40531.06,38431.48,0.14
2021-12-21,2045.0,2069.13,2038.2,2012.83,26285.89,-20.76,-1.01,2080.37,2088.96,2020.273,34847.28,44892.78,40285.56,0.21
2021-12-20,2050.7,2085.66,2058.96,2041.0,32257.69,8.26,0.4,2102.73,2080.727,2013.184,37679.98,45962.18,41260.38,0.26
2021-12-17,2100.5,2108.0,2050.7,2036.0,48403.18,-68.29,-3.22,2114.578,2071.561,2002.95,44389.76,45842.8,41776.13,0.39
2021-12-16,2115.0,2144.05,2118.99,2086.23,37211.36,-16.01,-0.75,2122.438,2063.679,1991.835,43338.76,44584.32,40913.75,0.3
2021-12-15,2142.15,2164.95,2135.0,2125.02,30078.27,-15.0,-0.7,2115.95,2045.18,1975.486,48744.33,42905.37,40029.22,0.24
2021-12-14,2118.2,2167.9,2150.0,2100.0,40449.41,31.8,1.5,2097.55,2024.979,1958.486,54938.29,42522.98,39750.58,0.32
2021-12-13,2154.0,2180.0,2118.2,2118.0,65806.56,28.2,1.35,2058.724,2003.056,1941.386,54244.38,42170.53,39404.42,0.52
2021-12-10,2060.0,2095.78,2090.0,2056.0,43148.22,3.45,0.17,2028.544,1989.736,1923.533,47295.85,39829.81,37361.46,0.34
2021-12-09,2054.94,2116.92,2086.55,2045.0,64239.18,43.55,2.13,2004.92,1974.837,1907.722,45829.88,38780.54,36084.38,0.51
2021-12-08,1964.88,2045.0,2043.0,1950.0,61048.07,87.13,4.46,1974.41,1961.785,1891.874,37066.41,36331.91,34005.02,0.49
2021-12-07,1980.74,1987.87,1955.87,1946.73,36979.89,-11.43,-0.58,1952.408,1951.585,1877.424,30107.68,35678.34,32720.05,0.29
2021-12-06,1983.0,1990.0,1967.3,1950.0,31063.88,-4.58,-0.23,1947.388,1945.641,1869.131,30096.67,36558.57,32238.66,0.25
2021-12-03,1932.0,1988.62,1971.88,1931.05,35818.39,37.88,1.96,1950.928,1934.338,1861.771,32363.76,37709.45,31570.75,0.29
2021-12-02,1940.0,1942.15,1934.0,1919.6,20421.82,1.01,0.05,1944.754,1919.991,1854.174,31731.2,37243.17,31133.69,0.16
2021-12-01,1950.0,1959.95,1932.99,1919.02,26254.4,2.22,0.12,1949.16,1905.791,1847.684,35597.41,37153.08,31669.12,0.21
2021-11-30,1985.4,1989.9,1930.77,1927.5,36924.87,-54.23,-2.73,1950.762,1891.992,1839.284,41249.0,36978.18,31747.87,0.29
2021-11-29,1960.0,1990.0,1985.0,1951.08,42399.34,43.99,2.27,1943.894,1879.715,1832.978,43020.47,36638.32,31526.63,0.34
2021-11-26,1964.83,1967.0,1941.01,1925.0,32655.57,-15.02,-0.77,1917.748,1857.329,1823.878,43055.14,34893.12,31491.17,0.26
2021-11-25,1953.0,1986.2,1956.03,1946.25,39752.88,15.03,0.77,1895.228,1840.606,1818.131,42755.14,33388.23,31297.18,0.32
2021-11-24,1900.0,1966.0,1941.0,1897.0,54512.35,44.57,2.35,1862.422,1821.963,1811.604,38708.74,31678.13,30784.08,0.43
2021-11-23,1852.0,1917.0,1896.43,1852.0,45782.2,42.16,2.27,1833.222,1803.262,1805.504,32707.36,29761.77,29790.83,0.36
2021-11-22,1849.0,1909.0,1854.27,1848.0,42572.68,25.86,1.41,1815.536,1792.62,1803.735,30256.17,27918.74,28558.23,0.34
2021-11-19,1794.19,1849.0,1828.41,1788.2,31155.59,36.41,2.03,1796.91,1789.203,1804.673,26731.11,25432.04,28052.67,0.25
2021-11-18,1781.22,1807.0,1792.0,1770.0,19520.89,-3.0,-0.17,1785.984,1788.356,1808.303,24021.31,25024.21,28293.02,0.16
2021-11-17,1805.0,1820.5,1795.0,1790.01,24505.46,-13.0,-0.72,1781.504,1789.576,1810.903,24647.51,26185.16,28467.91,0.2
2021-11-16,1768.0,1818.0,1808.0,1765.0,33526.24,46.86,2.66,1773.302,1786.576,1813.203,26816.17,26517.55,28675.8,0.27
2021-11-15,1773.68,1784.0,1761.14,1750.0,24947.35,-12.64,-0.71,1769.704,1786.24,1813.412,25581.31,26414.95,29015.22,0.2
2021-11-12,1778.0,1785.05,1773.78,1766.66,17606.63,4.18,0.24,1781.496,1790.426,1815.355,24132.98,28089.21,31250.45,0.14
2021-11-11,1752.93,1769.6,1769.6,1741.5,22651.87,15.61,0.89,1790.728,1795.656,1822.514,26027.1,29206.13,31798.16,0.18
2021-11-10,1790.01,1795.0,1753.99,1735.0,35348.77,-36.02,-2.01,1797.648,1801.245,1829.584,27722.81,29890.04,31996.69,0.28
2021-11-09,1819.98,1827.87,1790.01,1782.0,27351.92,-30.09,-1.65,1799.85,1807.746,1838.38,26218.92,29819.89,32736.39,0.22
2021-11-08,1820.0,1830.8,1820.1,1802.05,17705.72,0.16,0.01,1802.776,1814.85,1842.429,27248.59,29197.73,32899.11,0.14
2021-11-05,1804.21,1844.99,1819.94,1804.21,27077.23,15.74,0.87,1799.356,1820.143,1844.78,32045.44,30673.29,33897.6,0.22
2021-11-04,1777.94,1816.0,1804.2,1769.42,31130.43,39.2,2.22,1800.584,1828.249,1845.763,32385.16,31561.82,34916.34,0.25
2021-11-03,1800.0,1809.98,1765.0,1761.19,27829.31,-39.64,-2.2,1804.842,1832.229,1847.053,32057.26,30750.65,35386.78,0.22
2021-11-02,1796.7,1844.22,1804.64,1788.0,32500.24,1.64,0.09,1815.642,1839.829,1849.803,33420.86,30834.06,36159.85,0.26
2021-11-01,1780.0,1826.3,1803.0,1760.0,41689.98,-23.08,-1.26,1826.924,1840.583,1850.674,31146.86,31615.49,36995.89,0.33
2021-10-29,1825.0,1848.0,1826.08,1813.0,28775.86,0.59,0.03,1840.93,1840.283,1853.274,29301.13,34411.69,41254.84,0.23
2021-10-28,1825.2,1843.78,1825.49,1802.0,29490.93,6.49,0.36,1855.914,1849.372,1846.67,30738.48,34390.19,43292.87,0.23
2021-10-27,1852.3,1858.3,1819.0,1800.1,34647.29,-42.05,-2.26,1859.616,1857.923,1837.145,29444.04,34103.35,43335.42,0.28
2021-10-26,1864.03,1878.99,1861.05,1844.0,21130.26,-11.98,-0.64,1864.016,1869.013,1828.08,28247.26,35652.88,43190.2,0.17
2021-10-25,1880.0,1885.01,1873.03,1858.0,32461.33,-27.97,-1.47,1854.242,1870.007,1819.327,32084.12,36600.5,44890.2,0.26
2021-10-22,1855.0,1921.01,1901.0,1854.0,35962.6,57.0,3.09,1839.636,1869.416,1807.579,39522.25,37121.92,45565.54,0.29
2021-10-21,1841.1,1860.0,1844.0,1829.0,23018.7,3.0,0.16,1842.83,1863.276,1793.316,38041.89,38270.86,45845.91,0.18
2021-10-20,1833.0,1849.8,1841.0,1806.01,28663.39,28.82,1.59,1856.23,1861.876,1783.966,38762.66,40022.92,46383.01,0.23
2021-10-19,1800.0,1838.8,1812.18,1799.88,40314.56,12.18,0.68,1874.01,1859.776,1774.616,43058.5,41485.64,46335.84,0.32
2021-10-18,1888.0,1888.0,1800.0,1787.0,69652.02,-116.97,-6.1,1885.772,1860.764,1767.136,41116.88,42376.29,45989.51,0.55
2021-10-15,1890.1,1929.99,1916.97,1890.1,28560.78,5.97,0.31,1899.196,1866.264,1758.84,34721.59,48097.98,43504.42,0.23
2021-10-14,1928.93,1941.8,1911.0,1896.0,26622.55,-18.9,-0.98,1883.722,1843.967,1744.647,38499.82,52195.56,43729.56,0.21
2021-10-13,1870.0,1949.95,1929.9,1862.0,50142.61,58.91,3.15,1867.522,1816.367,1732.547,41283.17,52567.49,43959.0,0.4
2021-10-12,1866.0,1877.0,1870.99,1842.42,30606.42,3.87,0.21,1845.542,1787.146,1719.585,39912.78,50727.53,44218.77,0.24
2021-10-11,1839.51,1889.9,1867.12,1831.01,37675.57,27.52,1.5,1835.756,1768.647,1708.947,43635.7,53179.91,45330.21,0.3
2021-10-08,1822.42,1878.0,1839.6,1807.23,47451.96,9.6,0.53,1833.332,1745.742,1696.531,61474.37,54009.16,45588.27,0.38
2021-09-30,1818.18,1850.22,1830.0,1803.4,40539.29,10.0,0.55,1804.212,1723.356,1685.651,65891.3,53420.96,47081.48,0.32
2021-09-29,1809.0,1845.01,1820.0,1785.9,43290.65,-2.06,-0.11,1765.212,1706.056,1672.051,63851.81,52743.1,47238.37,0.34
2021-09-28,1848.0,1860.0,1822.06,1795.0,49221.05,-32.94,-1.78,1728.75,1689.456,1660.351,61542.28,51186.03,47653.22,0.39
2021-09-27,1750.0,1863.4,1855.0,1750.0,126868.92,161.0,9.5,1701.538,1673.508,1649.05,62724.12,49602.74,46996.94,1.01
2021-09-24,1628.0,1719.98,1694.0,1628.0,69536.6,59.0,3.61,1658.152,1651.416,1636.05,46543.94,38910.86,43354.51,0.55
2021-09-23,1638.0,1655.88,1635.0,1625.08,30341.81,-2.69,-0.16,1642.5,1645.326,1634.601,40950.63,35263.57,42589.63,0.24
2021-09-22,1658.83,1688.0,1637.69,1635.0,31743.0,-48.31,-2.87,1646.9,1648.726,1634.11,41634.39,35350.51,44702.26,0.25
2021-09-17,1620.0,1705.6,1686.0,1620.0,55130.25,47.93,2.93,1650.162,1652.024,1630.735,40829.79,37710.01,46694.97,0.44
2021-09-16,1603.0,1644.0,1638.07,1585.0,45968.02,22.33,1.38,1645.478,1649.246,1623.835,36481.36,37480.51,49665.68,0.37
2021-09-15,1650.0,1660.0,1615.74,1610.0,41570.05,-41.26,-2.49,1644.68,1647.319,1622.93,31277.78,37167.38,49431.88,0.33
2021-09-14,1659.0,1683.0,1657.0,1653.0,33760.61,3.0,0.18,1648.152,1647.946,1623.143,29576.51,40741.99,50351.89,0.27
2021-09-13,1665.0,1684.0,1654.0,1640.1,27720.02,-8.58,-0.52,1650.552,1638.046,1622.043,29066.63,41733.64,51723.9,0.22
2021-09-10,1634.08,1668.8,1662.58,1633.0,33388.11,28.5,1.74,1653.886,1631.246,1624.303,34590.24,44120.41,51740.75,0.27
2021-09-09,1626.0,1645.0,1634.08,1624.01,19950.13,0.98,0.06,1653.014,1624.591,1626.176,38479.65,44391.14,51966.57,0.16
2021-09-08,1660.0,1671.18,1633.1,1628.08,33063.67,-35.9,-2.15,1649.958,1620.683,1628.972,43056.98,47798.16,53346.61,0.26
2021-09-07,1661.03,1684.48,1669.0,1651.0,31211.22,-1.67,-0.1,1647.74,1623.875,1634.842,51907.47,49915.69,53626.56,0.25
2021-09-06,1649.0,1708.16,1670.67,1626.15,55338.06,12.45,0.75,1625.54,1619.493,1641.342,54400.64,54054.01,56230.25,0.44
2021-09-03,1610.02,1659.79,1658.22,1582.0,52835.18,39.42,2.44,1608.606,1609.445,1642.498,53650.57,55679.93,55848.23,0.42
2021-09-02,1632.99,1643.0,1618.8,1600.89,42836.79,-3.21,-0.2,1596.168,1598.423,1643.137,50302.63,61850.86,55490.78,0.34
2021-09-01,1559.0,1634.99,1622.01,1531.1,77316.1,64.01,4.11,1591.408,1598.54,1647.147,52539.34,61696.38,55751.92,0.62
2021-08-31,1589.8,1616.35,1558.0,1555.1,43677.09,-28.0,-1.76,1600.01,1598.339,1652.247,47923.9,59961.79,53794.89,0.35
2021-08-30,1605.0,1613.0,1586.0,1545.95,51587.7,-10.03,-0.63,1613.446,1606.039,1661.812,53707.38,61714.16,54329.77,0.41
2021-08-27,1589.0,1625.0,1596.03,1584.1,36095.45,1.03,0.07,1610.284,1617.359,1670.262,57709.28,59361.09,56620.42,0.29
2021-08-26,1664.99,1664.99,1595.0,1594.72,54020.37,-70.02,-4.21,1600.678,1627.76,1674.41,73399.1,59542.0,58702.44,0.43
2021-08-25,1647.64,1680.87,1665.02,1643.0,54238.9,39.84,2.45,1605.672,1637.26,1682.149,70853.41,58895.06,59194.62,0.43
2021-08-24,1575.0,1642.55,1625.18,1565.77,72594.47,54.99,3.5,1596.668,1645.808,1687.343,71999.68,57337.42,60751.12,0.58
2021-08-23,1537.88,1599.0,1570.19,1536.77,71597.2,22.19,1.43,1598.632,1663.19,1691.729,69720.94,58406.48,61450.24,0.57
2021-08-20,1555.17,1597.55,1548.0,1525.5,114544.54,-71.97,-4.44,1624.434,1675.551,1703.425,61012.9,56016.54,62801.36,0.91
2021-08-19,1622.22,1643.2,1619.97,1600.0,41291.95,-0.03,-0.0,1654.842,1687.851,1721.025,45684.89,49130.69,59453.4,0.33
2021-08-18,1624.66,1642.99,1620.0,1600.0,59970.26,-15.0,-0.92,1668.848,1695.754,1737.027,46936.7,49807.47,59343.33,0.48
2021-08-17,1700.0,1700.0,1635.0,1628.88,61200.77,-64.2,-3.78,1694.948,1706.154,1754.477,42675.16,47627.99,57833.82,0.49
2021-08-16,1696.0,1713.6,1699.2,1685.08,28056.97,-0.84,-0.05,1727.748,1717.584,1771.727,47092.02,46945.39,55947.54,0.22
2021-08-13,1690.0,1713.0,1700.04,1679.0,37904.52,10.04,0.59,1726.668,1723.164,1785.517,51020.18,53879.76,56047.31,0.3
2021-08-12,1732.0,1749.0,1690.0,1686.19,47550.97,-60.5,-3.46,1720.86,1721.059,1798.31,52576.49,57862.89,55922.47,0.38
2021-08-11,1780.01,1785.01,1750.5,1750.01,38662.59,-48.5,-2.7,1722.66,1727.038,1813.709,52678.24,59494.18,55654.42,0.31
2021-08-10,1700.0,1802.88,1799.0,1675.0,83285.05,105.2,6.21,1717.36,1728.878,1824.284,52580.82,64164.81,55259.83,0.66
2021-08-09,1651.0,1709.0,1693.8,1650.0,47697.75,22.8,1.36,1707.42,1720.267,1833.479,46798.76,64494.0,52591.81,0.38
2021-08-06,1689.0,1694.01,1671.0,1646.6,45686.1,-28.0,-1.65,1719.66,1731.298,1846.839,56739.34,69586.17,52157.43,0.36
2021-08-05,1692.88,1745.0,1699.0,1676.36,48059.69,-25.0,-1.45,1721.258,1754.198,1861.895,63149.29,69776.11,51418.52,0.38
2021-08-04,1734.06,1760.0,1724.0,1718.0,38175.49,-25.3,-1.45,1731.416,1778.299,1876.195,66310.13,68879.19,50791.37,0.3
2021-08-03,1730.0,1768.99,1749.3,1688.8,54374.75,-5.7,-0.33,1740.396,1802.799,1890.195,75748.8,68039.65,50288.71,0.43
2021-08-02,1664.0,1755.98,1755.0,1620.72,97400.65,76.01,4.53,1733.114,1825.869,1903.375,82189.24,64949.7,49334.09,0.78
2021-07-30,1725.0,1725.0,1678.99,1657.76,77735.89,-70.8,-4.05,1742.936,1847.869,1915.325,82433.01,58214.87,46185.11,0.62
2021-07-29,1810.01,1823.0,1749.79,1734.34,63863.85,-19.11,-1.08,1787.138,1875.56,1932.025,76402.93,53982.04,44612.08,0.51
2021-07-28,1703.0,1788.2,1768.9,1682.12,85368.84,56.01,3.27,1825.182,1900.38,1949.786,71448.25,51814.66,43103.95,0.68
2021-07-27,1803.0,1810.0,1712.89,1703.0,86576.99,-91.22,-5.06,1865.202,1919.69,1964.176,60330.51,46354.85,39931.29,0.69
2021-07-26,1879.0,1879.0,1804.11,1780.0,98619.48,-95.89,-5.05,1918.624,1946.691,1981.631,47710.15,40689.62,37253.97,0.79
2021-07-23,1937.82,1937.82,1900.0,1895.09,47585.47,-40.01,-2.06,1952.802,1962.38,1996.576,33996.72,34728.7,33695.62,0.38
2021-07-22,1960.0,1973.9,1940.01,1938.96,39090.47,-28.99,-1.47,1963.982,1969.591,2006.176,31561.16,33060.94,33110.12,0.31
2021-07-21,1989.0,2006.0,1969.0,1962.01,29780.13,-11.0,-0.56,1975.578,1974.09,2012.578,32181.07,32703.56,32729.28,0.24
2021-07-20,1975.0,1988.93,1980.0,1961.41,23475.21,5.0,0.25,1974.178,1977.59,2016.028,32379.19,32537.76,33094.22,0.19
2021-07-19,1955.89,1986.0,1975.0,1941.0,30052.34,19.1,0.98,1974.758,1980.88,2020.777,33669.09,33718.49,33581.87,0.24
2021-07-16,1980.0,1996.6,1955.9,1950.0,35407.64,-42.09,-2.11,1971.958,1982.78,2026.109,35460.67,34155.35,33853.67,0.28
2021-07-15,1955.02,2013.0,1997.99,1950.6,42190.05,35.99,1.83,1975.2,1988.49,2032.861,34560.72,35242.12,34784.7,0.34
2021-07-14,1974.0,1974.5,1962.0,1945.0,30770.69,-20.9,-1.05,1972.602,1999.191,2040.807,33226.05,34393.24,33728.57,0.24
2021-07-13,1968.0,2005.5,1982.9,1965.0,29924.71,21.9,1.12,1981.002,2008.661,2050.607,32696.33,33507.73,33569.69,0.24
2021-07-12,1975.55,1998.78,1961.0,1940.5,39010.24,-11.11,-0.56,1987.002,2016.571,2061.112,33767.89,33818.33,33541.52,0.31
2021-07-09,1964.52,1985.91,1972.11,1945.0,30907.9,-12.89,-0.65,1993.602,2030.772,2072.002,32850.03,32662.54,33289.54,0.25
2021-07-08,2000.1,2004.0,1985.0,1968.0,35516.69,-19.0,-0.95,2001.78,2042.761,2085.321,35923.52,33159.3,33022.48,0.28
2021-07-07,2010.0,2028.88,2004.0,1999.01,28122.12,-8.9,-0.44,2025.78,2051.066,2096.046,35560.43,32755.0,32521.76,0.22
2021-07-06,1995.0,2014.0,2012.9,1960.01,35282.51,18.9,0.95,2036.32,2054.466,2105.396,34319.13,33650.69,33481.34,0.28
2021-07-05,2000.0,2019.88,1994.0,1985.0,34420.95,-19.0,-0.94,2046.14,2060.673,2118.301,33868.76,33445.25,32990.53,0.27
2021-07-02,2075.0,2075.0,2013.0,2011.5,46275.31,-92.0,-4.37,2067.942,2069.437,2131.176,32475.05,33551.98,32840.59,0.37
2021-07-01,2059.97,2110.0,2105.0,2031.6,33701.24,48.3,2.35,2083.742,2077.231,2141.637,30395.08,34327.27,31699.34,0.27
2021-06-30,2065.0,2074.0,2056.7,2046.3,21915.66,-5.3,-0.26,2076.352,2082.422,2147.487,29949.57,33063.9,31157.41,0.17
2021-06-29,2108.0,2115.0,2062.0,2051.0,33030.63,-41.01,-1.95,2072.612,2092.552,2156.699,32982.24,33631.65,31592.45,0.26
2021-06-28,2100.0,2118.0,2103.01,2073.0,27452.42,11.01,0.53,2075.206,2105.652,2164.499,33021.75,33264.72,31527.87,0.22
2021-06-25,2049.96,2109.0,2092.0,2042.6,35875.43,43.24,2.11,2070.932,2113.232,2170.849,34628.92,33916.54,31445.61,0.29
2021-06-24,2040.01,2080.0,2068.05,2021.0,31473.7,30.05,1.47,2070.72,2127.88,2178.499,38259.47,32885.66,31920.51,0.25
2021-06-23,2080.0,2083.0,2038.0,2034.15,37079.01,-36.97,-1.78,2088.492,2141.025,2186.096,36178.24,32288.53,32277.03,0.3
2021-06-22,2092.0,2098.0,2074.97,2053.89,33228.18,-6.67,-0.32,2112.492,2156.325,2193.921,34281.07,33311.99,33810.93,0.26
2021-06-21,2085.0,2099.69,2081.64,2050.0,35488.26,-9.3,-0.45,2136.098,2175.928,2193.737,33507.69,32535.8,33776.93,0.28
2021-06-18,2147.0,2156.5,2090.94,2065.0,54028.21,-65.97,-3.06,2155.532,2192.914,2191.76,33204.17,32129.19,33214.92,0.43
2021-06-17,2155.65,2188.0,2156.91,2144.36,21067.53,-1.09,-0.05,2185.04,2206.042,2190.157,27511.85,29071.4,31606.37,0.17
2021-06-16,2192.0,2195.0,2158.0,2148.0,27593.15,-35.0,-1.6,2193.558,2212.551,2184.762,28398.82,29250.93,31673.48,0.22
2021-06-15,2195.1,2208.88,2193.0,2148.0,29361.3,14.19,0.65,2200.158,2220.846,2179.827,32342.91,29553.25,31169.04,0.23
2021-06-11,2239.0,2244.0,2178.81,2178.81,33970.66,-59.67,-2.67,2215.758,2223.346,2173.075,31563.91,29791.02,31927.17,0.27
2021-06-10,2195.0,2251.37,2238.48,2190.08,25566.63,38.98,1.77,2230.296,2228.465,2164.627,31054.21,28974.68,32009.2,0.2
2021-06-09,2192.0,2214.0,2199.5,2160.11,25502.35,8.5,0.39,2227.044,2229.117,2151.278,30630.95,30955.36,31984.75,0.2
2021-06-08,2260.0,2279.99,2191.0,2161.15,47313.63,-80.0,-3.52,2231.544,2231.167,2140.503,30103.03,32265.54,32344.57,0.38
2021-06-07,2265.0,2279.0,2271.0,2240.01,25466.27,19.5,0.87,2241.534,2231.517,2128.903,26763.58,34309.87,32103.6,0.2
2021-06-04,2215.0,2288.0,2251.5,2214.04,31422.19,29.28,1.32,2230.934,2211.546,2109.305,28018.12,35018.05,33130.44,0.25
2021-06-03,2220.0,2260.34,2222.22,2210.08,23450.31,0.22,0.01,2226.634,2190.606,2091.88,26895.15,34300.66,34184.0,0.19
2021-06-02,2250.0,2264.0,2222.0,2208.18,22862.77,-18.95,-0.85,2231.19,2174.272,2078.719,31279.76,34141.34,35688.8,0.18
2021-06-01,2222.0,2248.95,2240.95,2206.0,30616.34,22.95,1.03,2230.79,2156.972,2067.958,34428.05,34096.04,36465.73,0.24
2021-05-31,2215.5,2218.35,2218.0,2172.0,31739.0,-12.0,-0.54,2221.5,2138.808,2057.228,41856.17,32784.83,36999.1,0.25
2021-05-28,2240.97,2250.0,2230.0,2205.51,25807.31,-15.0,-0.67,2192.158,2122.804,2048.428,42017.98,34063.33,39479.3,0.21
2021-05-27,2211.02,2320.0,2245.0,2201.1,45373.38,25.0,1.13,2154.578,2100.789,2041.65,41706.17,35043.73,39294.32,0.36
2021-05-26,2207.98,2241.8,2220.0,2193.08,38604.2,25.5,1.16,2117.354,2073.439,2033.291,37002.92,33014.14,38727.91,0.31
2021-05-25,2085.0,2200.1,2194.5,2085.0,67756.95,123.21,5.95,2083.154,2049.839,2027.738,33764.03,32423.61,38470.84,0.54
2021-05-24,2051.0,2080.06,2071.29,2031.0,32548.08,29.19,1.43,2056.116,2026.289,2020.788,23713.49,29897.33,36425.49,0.26
2021-05-21,2055.08,2079.88,2042.1,2037.02,24248.23,-16.78,-0.81,2053.45,2007.063,2021.224,26108.68,31242.84,36105.57,0.19
2021-05-20,2074.0,2074.1,2058.88,2045.36,21857.16,9.88,0.48,2047.0,1993.153,2023.859,28381.29,34067.35,36307.68,0.17
2021-05-19,2059.0,2074.81,2049.0,2040.0,22409.72,-10.31,-0.5,2029.524,1983.165,2025.315,29025.36,37236.25,36802.52,0.18
2021-05-18,2065.0,2077.0,2059.31,2045.06,17504.28,1.35,0.07,2016.524,1978.943,2025.614,31083.19,38835.42,37196.72,0.14
2021-05-17,2025.1,2085.2,2057.96,2025.1,44524.0,48.11,2.39,1996.462,1975.648,2023.428,36081.16,41213.37,38039.81,0.35
2021-05-14,1982.0,2030.5,2009.85,1976.0,35611.29,38.35,1.95,1960.676,1974.052,2022.88,36376.99,44895.26,37019.35,0.28
2021-05-13,1965.75,1985.05,1971.5,1953.0,25077.51,-12.5,-0.63,1939.306,1982.511,2023.438,39753.41,43544.92,36688.39,0.2
2021-05-12,1949.08,1999.0,1984.0,1949.0,32698.87,25.0,1.28,1936.806,1993.143,2025.307,45447.14,44441.68,37031.67,0.26
2021-05-11,1876.0,1966.0,1959.0,1873.3,42494.12,79.97,4.26,1941.362,2005.637,2027.107,46587.64,44518.07,36837.17,0.34
2021-05-10,1900.0,1909.0,1879.03,1866.01,46003.18,-23.97,-1.26,1954.834,2015.287,2032.657,46345.57,42953.66,36139.84,0.37
2021-05-07,1965.0,1967.98,1903.0,1901.0,52493.39,-56.0,-2.86,1987.428,2035.384,2041.756,53413.53,40968.31,35849.73,0.42
2021-05-06,2000.0,2006.84,1959.0,1953.0,53546.14,-47.78,-2.38,2025.716,2054.564,2052.907,47336.42,38548.01,34862.15,0.43
2021-04-30,2026.0,2036.0,2006.78,2003.71,38401.37,-19.58,-0.97,2049.48,2067.464,2063.057,43436.21,36368.79,34786.22,0.31
2021-04-29,2047.04,2049.94,2026.36,2014.0,41283.78,-15.64,-0.77,2069.912,2072.284,2064.943,42448.49,35558.02,34195.54,0.33
2021-04-28,2010.0,2047.5,2042.0,2003.0,81342.95,-52.44,-2.5,2075.74,2071.208,2064.075,39561.74,34866.26,33989.07,0.65
2021-04-27,2087.08,2095.25,2094.44,2065.09,22107.85,16.62,0.8,2083.34,2071.708,2064.778,28523.1,29143.43,31553.27,0.18
2021-04-26,2132.0,2135.0,2077.82,2073.6,34045.11,-31.12,-1.48,2083.412,2064.364,2061.761,29759.6,29831.86,33297.49,0.27
2021-04-23,2055.97,2119.88,2108.94,2052.5,33462.77,53.44,2.6,2085.448,2057.471,2058.52,29301.36,29621.66,34096.05,0.27
2021-04-22,2089.9,2099.0,2055.5,2051.5,26850.02,-24.5,-1.18,2074.656,2048.577,2051.623,28667.55,29156.27,34001.67,0.21
2021-04-21,2076.0,2097.8,2080.0,2065.1,26149.75,-14.8,-0.71,2066.676,2050.027,2048.298,30170.79,29326.03,34127.04,0.21
2021-04-20,2071.1,2129.0,2094.8,2070.0,28290.37,6.8,0.33,2060.076,2048.127,2044.098,29763.77,30731.15,34191.86,0.23
2021-04-19,2055.0,2098.36,2088.0,2033.0,31753.91,33.02,1.61,2045.316,2051.25,2038.857,29904.12,31176.29,34623.05,0.25
2021-04-16,2025.08,2068.0,2054.98,2012.0,30293.7,39.38,1.95,2029.494,2058.65,2034.957,29941.96,33203.66,34824.39,0.24
2021-04-15,2030.9,2046.9,2015.6,1990.0,34366.21,-31.4,-1.53,2022.498,2057.602,2035.693,29644.99,32833.05,35002.95,0.27
2021-04-14,2035.0,2048.0,2047.0,2016.0,24114.65,26.0,1.29,2033.378,2056.942,2036.431,28481.27,33111.87,34853.39,0.19
2021-04-13,2020.0,2049.8,2021.0,2009.0,28992.15,12.11,0.6,2036.178,2057.847,2034.606,31698.53,33963.1,35380.08,0.23
2021-04-12,2011.0,2030.0,2008.89,1991.7,31943.07,-11.11,-0.55,2057.184,2059.157,2032.329,32448.46,36763.11,37054.72,0.25
2021-04-09,2042.0,2054.0,2020.0,2005.01,28808.86,-50.0,-2.42,2087.806,2059.568,2033.184,36465.36,38570.44,37473.69,0.23
2021-04-08,2047.03,2079.0,2070.0,2044.0,28547.62,9.0,0.44,2092.706,2054.668,2034.584,36021.11,38847.08,38871.69,0.23
2021-04-07,2104.06,2117.3,2061.0,2050.0,40200.97,-65.03,-3.06,2080.506,2046.568,2029.585,37742.47,38928.06,40002.9,0.32
2021-04-06,2161.0,2161.98,2126.03,2102.3,32741.77,-35.97,-1.66,2079.516,2040.068,2023.384,36227.67,37652.58,42106.14,0.26
2021-04-02,2056.0,2165.0,2162.0,2056.0,52027.57,117.5,5.75,2061.13,2026.464,2015.083,41077.76,38069.81,43624.03,0.41
2021-04-01,2021.0,2046.8,2044.5,2001.22,26587.63,35.5,1.77,2031.33,2011.264,2009.988,40675.53,36445.13,44211.61,0.21
2021-03-31,2045.1,2046.02,2009.0,2000.0,37154.41,-47.05,-2.29,2016.63,2013.784,2009.413,41673.05,37172.85,46136.65,0.3
2021-03-30,2040.0,2086.0,2056.05,2035.08,32626.97,21.95,1.08,2012.63,2015.92,2015.963,40113.64,36594.9,46989.7,0.26
2021-03-29,2043.2,2096.35,2034.1,2026.15,56992.2,21.1,1.05,2000.62,2011.365,2016.061,39077.49,36797.06,48896.58,0.45
2021-03-26,1985.0,2022.0,2013.0,1958.0,50016.42,42.0,2.13,1991.798,2005.5,2022.256,35061.86,37346.32,48292.78,0.4
2021-03-25,1970.01,1988.88,1971.0,1946.8,31575.23,-18.0,-0.91,1991.198,2006.8,2027.745,32214.73,36376.93,49118.21,0.25
2021-03-24,1981.0,2013.0,1989.0,1981.0,29357.39,-7.0,-0.35,2010.938,2014.5,2036.695,32672.66,38896.31,50525.77,0.23
2021-03-23,1998.88,2008.8,1996.0,1970.0,27446.19,6.01,0.3,2019.21,2012.601,2046.695,33076.16,41077.74,53163.69,0.22
2021-03-22,2000.1,2026.09,1989.99,1955.55,36914.07,-20.01,-1.0,2022.11,2006.7,2062.245,34516.63,46559.7,54664.11,0.29
2021-03-19,2035.0,2043.0,2010.0,1992.23,35780.77,-59.7,-2.88,2019.202,2003.701,2077.146,39630.79,49178.26,56765.18,0.28
2021-03-18,2035.0,2086.36,2069.7,2035.0,33864.88,39.34,1.94,2022.402,2008.712,2099.646,40539.13,51978.1,57945.41,0.27
2021-03-17,2000.0,2050.0,2030.36,1976.01,31374.91,19.86,0.99,2018.062,2005.042,2119.711,45119.95,55100.44,59547.79,0.25
2021-03-16,1974.93,2019.99,2010.5,1965.0,34648.5,35.05,1.77,2005.992,2016.006,2148.243,49079.32,57384.49,61047.57,0.28
2021-03-15,2050.0,2069.8,1975.45,1951.15,62484.87,-50.55,-2.5,1991.29,2020.756,2170.54,58602.78,60996.09,60979.97,0.5
2021-03-12,2070.0,2077.0,2026.0,2002.01,40322.51,-22.0,-1.07,1988.2,2039.011,2180.807,58725.72,59239.23,60900.77,0.32
2021-03-11,1975.0,2079.99,2048.0,1961.48,56768.97,77.99,3.96,1995.022,2048.689,2189.408,63417.06,61859.49,62044.0,0.45
2021-03-10,1977.0,1999.87,1970.01,1967.0,51171.74,33.02,1.71,1992.022,2058.889,2197.726,65080.93,62155.23,62354.3,0.41
2021-03-09,1955.0,2000.0,1936.99,1900.18,82265.81,-23.01,-1.17,2026.02,2080.788,2211.958,65689.67,65249.64,63053.21,0.65
2021-03-08,2074.96,2085.0,1960.0,1960.0,63099.59,-100.11,-4.86,2050.222,2117.789,2230.289,63389.41,62768.52,61772.37,0.5
2021-03-05,2000.0,2095.0,2060.11,1988.0,63779.2,27.11,1.33,2089.822,2150.591,2249.596,59752.74,64352.11,61677.57,0.51
2021-03-04,2095.0,2096.0,2033.0,2010.1,65088.29,-107.0,-5.0,2102.356,2190.58,2264.172,60301.91,63912.73,61515.9,0.52
2021-03-03,2040.0,2149.77,2140.0,2033.0,54215.46,82.0,3.98,2125.756,2234.38,2283.436,59229.54,63995.13,61218.21,0.43
2021-03-02,2180.0,2180.0,2058.0,2033.0,70764.5,-100.0,-4.63,2135.556,2280.48,2296.475,64809.61,64710.65,61854.82,0.56
2021-03-01,2179.0,2179.0,2158.0,2120.0,44916.26,35.22,1.66,2185.356,2320.323,2320.323,62147.63,60963.85,60963.85,0.36
2021-02-26,2100.0,2179.95,2122.78,2067.3,66525.06,-27.22,-1.27,2211.36,2338.359,2338.359,68951.47,62746.92,62746.92,0.53
2021-02-25,2209.0,2224.5,2150.0,2121.21,59726.43,-39.0,-1.78,2278.804,2365.306,2365.306,67523.55,62274.65,62274.65,0.48
2021-02-24,2307.99,2318.0,2189.0,2160.5,82115.78,-118.0,-5.12,2343.004,2396.064,2396.064,68760.73,62638.68,62638.68,0.65
2021-02-23,2265.14,2344.89,2307.0,2265.0,57454.6,18.98,0.83,2425.404,2430.575,2430.575,64611.68,59392.5,59392.5,0.46
2021-02-22,2455.0,2455.0,2288.02,2278.22,78935.47,-171.98,-6.99,2455.29,2455.29,2455.29,59780.07,59780.07,59780.07,0.63
2021-02-19,2451.16,2496.66,2460.0,2381.6,59385.46,-11.0,-0.45,2497.108,2497.108,2497.108,54991.23,54991.23,54991.23,0.47
2021-02-18,2587.98,2627.88,2471.0,2465.0,65912.32,-130.0,-5.0,2509.477,2509.477,2509.477,53526.48,53526.48,53526.48,0.52
2021-02-10,2485.0,2601.2,2601.0,2485.0,61370.57,144.57,5.88,2528.715,2528.715,2528.715,47333.56,47333.56,47333.56,0.49
2021-02-09,2368.8,2456.43,2456.43,2350.0,33296.55,87.63,3.7,2456.43,2456.43,2456.43,33296.55,33296.55,33296.55,0.27
